Date,Month/ Year,Code,look,Approved Volume,TD Volume,BD Volume,Approved Volume (MTD),BD Volume (MTD),TD Volume (MTD),Total Volume,Total Volume (MTD),Approved %,BD %,TD %,Approved % (MTD),BD % (MTD),TD % (MTD)
10-12-2024,Dec-24,PGB,CCU,7684,0,309,7684,309,0,7993,7993,96.13,3.87,0,96.13,3.87,0
10-12-2024,Dec-24,ARM,CCU,0,0,13,0,13,0,13,13,0,100,0,0,100,0
10-12-2024,Dec-24,ACE,CCU,10,0,1,10,1,0,11,11,90.91,9.09,0,90.91,9.09,0
10-12-2024,Dec-24,AMA,CCU,8,0,0,8,0,0,8,8,100,0,0,100,0,0
10-12-2024,Dec-24,AJH,not defined,801,4,18,801,18,4,823,823,97.33,2.19,0.49,97.33,2.19,0.49
10-12-2024,Dec-24,APN,CCU,4905,0,379,4905,379,0,5284,5284,92.83,7.17,0,92.83,7.17,0
10-12-2024,Dec-24,ARS,CCU,504,0,13,504,13,0,517,517,97.49,2.51,0,97.49,2.51,0
10-12-2024,Dec-24,AUS,Non CCU,70840,16,2071,70840,2071,16,72927,72927,97.14,2.84,0.02,97.14,2.84,0.02
10-12-2024,Dec-24,ASL,CCU,7,0,0,7,0,0,7,7,100,0,0,100,0,0
10-12-2024,Dec-24,ABH,CCU,159,0,50,159,50,0,209,209,76.08,23.92,0,76.08,23.92,0
10-12-2024,Dec-24,ACB,Non CCU,14191,128,514,14191,514,128,14833,14833,95.67,3.47,0.86,95.67,3.47,0.86
10-12-2024,Dec-24,APB,CCU,116,0,0,116,0,0,116,116,100,0,0,100,0,0
10-12-2024,Dec-24,ADB,CCU,1645,1,271,1645,271,1,1917,1917,85.81,14.14,0.05,85.81,14.14,0.05
10-12-2024,Dec-24,ACU,CCU,1079,35,37,1079,37,35,1151,1151,93.74,3.21,3.04,93.74,3.21,3.04
10-12-2024,Dec-24,ZSA,not defined,12,0,10,12,10,0,22,22,54.55,45.45,0,54.55,45.45,0
10-12-2024,Dec-24,AGB,CCU,0,3,0,0,0,3,3,3,0,0,100,0,0,100
10-12-2024,Dec-24,AHD,CCU,6474,3,122,6474,122,3,6599,6599,98.11,1.85,0.05,98.11,1.85,0.05
10-12-2024,Dec-24,AHS,CCU,329,0,238,329,238,0,567,567,58.02,41.98,0,58.02,41.98,0
10-12-2024,Dec-24,ARL,Non CCU,467987,397,13591,467987,13591,397,481975,481975,97.1,2.82,0.08,97.1,2.82,0.08
10-12-2024,Dec-24,AAC,CCU,717,2,7,717,7,2,726,726,98.76,0.96,0.28,98.76,0.96,0.28
10-12-2024,Dec-24,ABL,CCU,75,0,14,75,14,0,89,89,84.27,15.73,0,84.27,15.73,0
10-12-2024,Dec-24,ADO,not defined,2,0,0,2,0,0,2,2,100,0,0,100,0,0
10-12-2024,Dec-24,AUB,not defined,165,0,17,165,17,0,182,182,90.66,9.34,0,90.66,9.34,0
10-12-2024,Dec-24,AZS,not defined,20,0,0,20,0,0,20,20,100,0,0,100,0,0
10-12-2024,Dec-24,AMB,CCU,490,0,13,490,13,0,503,503,97.42,2.58,0,97.42,2.58,0
10-12-2024,Dec-24,AJM,CCU,586,0,15,586,15,0,601,601,97.5,2.5,0,97.5,2.5,0
10-12-2024,Dec-24,ADM,not defined,48,1,9,48,9,1,58,58,82.76,15.52,1.72,82.76,15.52,1.72
10-12-2024,Dec-24,APV,CCU,27778,20,387,27778,387,20,28185,28185,98.56,1.37,0.07,98.56,1.37,0.07
10-12-2024,Dec-24,AND,CCU,15271,65,893,15271,893,65,16229,16229,94.1,5.5,0.4,94.1,5.5,0.4
10-12-2024,Dec-24,AJC,CCU,7,0,0,7,0,0,7,7,100,0,0,100,0,0
10-12-2024,Dec-24,ABD,CCU,8,0,0,8,0,0,8,8,100,0,0,100,0,0
10-12-2024,Dec-24,ARB,CCU,889,0,10,889,10,0,899,899,98.89,1.11,0,98.89,1.11,0
10-12-2024,Dec-24,AMG,CCU,15627,2602,552,15627,552,2602,18781,18781,83.21,2.94,13.85,83.21,2.94,13.85
10-12-2024,Dec-24,TAS,CCU,576,0,5,576,5,0,581,581,99.14,0.86,0,99.14,0.86,0
10-12-2024,Dec-24,AXB,Non CCU,509978,0,19536,509978,19536,0,529514,529514,96.31,3.69,0,96.31,3.69,0
10-12-2024,Dec-24,BOA,Non CCU,254,1,5,254,5,1,260,260,97.69,1.92,0.38,97.69,1.92,0.38
10-12-2024,Dec-24,BOB,Non CCU,910418,2759,20264,910418,20264,2759,933441,933441,97.53,2.17,0.3,97.53,2.17,0.3
10-12-2024,Dec-24,BNP,not defined,153,35,82,153,82,35,270,270,56.67,30.37,12.96,56.67,30.37,12.96
10-12-2024,Dec-24,BRB,CCU,16,0,0,16,0,0,16,16,100,0,0,100,0,0
10-12-2024,Dec-24,BBB,not defined,0,1,0,0,0,1,1,1,0,0,100,0,0,100
10-12-2024,Dec-24,BNL,CCU,37,0,0,37,0,0,37,37,100,0,0,100,0,0
10-12-2024,Dec-24,BKO,CCU,6,0,0,6,0,0,6,6,100,0,0,100,0,0
10-12-2024,Dec-24,BLT,CCU,117,0,21,117,21,0,138,138,84.78,15.22,0,84.78,15.22,0
10-12-2024,Dec-24,BDN,Non CCU,163664,39,3536,163664,3536,39,167239,167239,97.86,2.11,0.02,97.86,2.11,0.02
10-12-2024,Dec-24,BGV,CCU,1759,2,101,1759,101,2,1862,1862,94.47,5.42,0.11,94.47,5.42,0.11
10-12-2024,Dec-24,BOI,Non CCU,463004,806,13810,463004,13810,806,477620,477620,96.94,2.89,0.17,96.94,2.89,0.17
10-12-2024,Dec-24,BBK,not defined,17,0,9,17,9,0,26,26,65.38,34.62,0,65.38,34.62,0
10-12-2024,Dec-24,BOM,Non CCU,162822,0,5878,162822,5878,0,168700,168700,96.52,3.48,0,96.52,3.48,0
10-12-2024,Dec-24,BPJ,not defined,18,0,2,18,2,0,20,20,90,10,0,90,10,0
10-12-2024,Dec-24,BNG,CCU,27,0,0,27,0,0,27,27,100,0,0,100,0,0
10-12-2024,Dec-24,BRC,not defined,71,11,0,71,0,11,82,82,86.59,0,13.41,86.59,0,13.41
10-12-2024,Dec-24,BGI,CCU,7531,4,394,7531,394,4,7929,7929,94.98,4.97,0.05,94.98,4.97,0.05
10-12-2024,Dec-24,BKG,CCU,15329,19,1280,15329,1280,19,16628,16628,92.19,7.7,0.11,92.19,7.7,0.11
10-12-2024,Dec-24,BUB,CCU,68448,192,2944,68448,2944,192,71584,71584,95.62,4.11,0.27,95.62,4.11,0.27
10-12-2024,Dec-24,BCC,Non CCU,6022,28,212,6022,212,28,6262,6262,96.17,3.39,0.45,96.17,3.39,0.45
10-12-2024,Dec-24,BEA,not defined,3,0,0,3,0,0,3,3,100,0,0,100,0,0
10-12-2024,Dec-24,BBS,CCU,31,0,1,31,1,0,32,32,96.88,3.12,0,96.88,3.12,0
10-12-2024,Dec-24,BNB,CCU,1,1,0,1,0,1,2,2,50,0,50,50,0,50
10-12-2024,Dec-24,BDR,CCU,73,0,0,73,0,0,73,73,100,0,0,100,0,0
10-12-2024,Dec-24,BNS,CCU,238,0,6,238,6,0,244,244,97.54,2.46,0,97.54,2.46,0
10-12-2024,Dec-24,BDC,not defined,1,0,0,1,0,0,1,1,100,0,0,100,0,0
10-12-2024,Dec-24,BHT,not defined,18,0,1,18,1,0,19,19,94.74,5.26,0,94.74,5.26,0
10-12-2024,Dec-24,BBO,CCU,15,0,0,15,0,0,15,15,100,0,0,100,0,0
10-12-2024,Dec-24,BBL,CCU,14,0,0,14,0,0,14,14,100,0,0,100,0,0
10-12-2024,Dec-24,BHV,CCU,115,0,3,115,3,0,118,118,97.46,2.54,0,97.46,2.54,0
10-12-2024,Dec-24,BUG,CCU,6,0,0,6,0,0,6,6,100,0,0,100,0,0
10-12-2024,Dec-24,BVN,CCU,132,0,4,132,4,0,136,136,97.06,2.94,0,97.06,2.94,0
10-12-2024,Dec-24,BHW,not defined,8,0,2,8,2,0,10,10,80,20,0,80,20,0
10-12-2024,Dec-24,BWB,CCU,39,0,0,39,0,0,39,39,100,0,0,100,0,0
10-12-2024,Dec-24,BUL,not defined,12,0,5,12,5,0,17,17,70.59,29.41,0,70.59,29.41,0
10-12-2024,Dec-24,BHL,not defined,137,0,0,137,0,0,137,137,100,0,0,100,0,0
10-12-2024,Dec-24,BHU,CCU,523,0,0,523,0,0,523,523,100,0,0,100,0,0
10-12-2024,Dec-24,BMC,CCU,900,0,16,900,16,0,916,916,98.25,1.75,0,98.25,1.75,0
10-12-2024,Dec-24,BMS,CCU,4,0,0,4,0,0,4,4,100,0,0,100,0,0
10-12-2024,Dec-24,CHN,CCU,66,0,1,66,1,0,67,67,98.51,1.49,0,98.51,1.49,0
10-12-2024,Dec-24,CGR,CCU,71,0,0,71,0,0,71,71,100,0,0,100,0,0
10-12-2024,Dec-24,CZB,not defined,3,0,0,3,0,0,3,3,100,0,0,100,0,0
10-12-2024,Dec-24,CST,not defined,679,141,7,679,7,141,827,827,82.1,0.85,17.05,82.1,0.85,17.05
10-12-2024,Dec-24,CNB,Non CCU,638187,3490,13244,638187,13244,3490,654921,654921,97.44,2.02,0.53,97.44,2.02,0.53
10-12-2024,Dec-24,CPF,Non CCU,4027,80,85,4027,85,80,4192,4192,96.06,2.03,1.91,96.06,2.03,1.91
10-12-2024,Dec-24,CSB,Non CCU,14707,1322,612,14707,612,1322,16641,16641,88.38,3.68,7.94,88.38,3.68,7.94
10-12-2024,Dec-24,CBI,Non CCU,407253,1416,8303,407253,8303,1416,416972,416972,97.67,1.99,0.34,97.67,1.99,0.34
10-12-2024,Dec-24,CGG,CCU,940,0,18,940,18,0,958,958,98.12,1.88,0,98.12,1.88,0
10-12-2024,Dec-24,CHM,not defined,202,2,5,202,5,2,209,209,96.65,2.39,0.96,96.65,2.39,0.96
10-12-2024,Dec-24,CHC,not defined,6,0,1,6,1,0,7,7,85.71,14.29,0,85.71,14.29,0
10-12-2024,Dec-24,CHB,CCU,15617,3,662,15617,662,3,16282,16282,95.92,4.07,0.02,95.92,4.07,0.02
10-12-2024,Dec-24,CKL,CCU,657,0,1,657,1,0,658,658,99.85,0.15,0,99.85,0.15,0
10-12-2024,Dec-24,CUC,CCU,79,0,2,79,2,0,81,81,97.53,2.47,0,97.53,2.47,0
10-12-2024,Dec-24,CNA,not defined,1531,0,2195,1531,2195,0,3726,3726,41.09,58.91,0,41.09,58.91,0
10-12-2024,Dec-24,CZN,CCU,42,0,0,42,0,0,42,42,100,0,0,100,0,0
10-12-2024,Dec-24,CCC,CCU,998,0,2,998,2,0,1000,1000,99.8,0.2,0,99.8,0.2,0
10-12-2024,Dec-24,CZS,CCU,364,0,2,364,2,0,366,366,99.45,0.55,0,99.45,0.55,0
10-12-2024,Dec-24,CUB,Non CCU,63736,1019,2235,63736,2235,1019,66990,66990,95.14,3.34,1.52,95.14,3.34,1.52
10-12-2024,Dec-24,CCB,CCU,112,0,0,112,0,0,112,112,100,0,0,100,0,0
10-12-2024,Dec-24,COB,Non CCU,13322,0,203,13322,203,0,13525,13525,98.5,1.5,0,98.5,1.5,0
10-12-2024,Dec-24,CAC,not defined,29,0,4,29,4,0,33,33,87.88,12.12,0,87.88,12.12,0
10-12-2024,Dec-24,CUT,not defined,11,0,0,11,0,0,11,11,100,0,0,100,0,0
10-12-2024,Dec-24,DBK,CCU,5,0,0,5,0,0,5,5,100,0,0,100,0,0
10-12-2024,Dec-24,DDL,CCU,67,104,0,67,0,104,171,171,39.18,0,60.82,39.18,0,60.82
10-12-2024,Dec-24,DSN,CCU,5,0,2,5,2,0,7,7,71.43,28.57,0,71.43,28.57,0
10-12-2024,Dec-24,DAP,CCU,401,0,2,401,2,0,403,403,99.5,0.5,0,99.5,0.5,0
10-12-2024,Dec-24,DSM,CCU,125,1,20,125,20,1,146,146,85.62,13.7,0.68,85.62,13.7,0.68
10-12-2024,Dec-24,DTY,CCU,474,0,5,474,5,0,479,479,98.96,1.04,0,98.96,1.04,0
10-12-2024,Dec-24,DAU,CCU,79,0,2,79,2,0,81,81,97.53,2.47,0,97.53,2.47,0
10-12-2024,Dec-24,DNS,CCU,362,0,3,362,3,0,365,365,99.18,0.82,0,99.18,0.82,0
10-12-2024,Dec-24,DEO,CCU,1353,0,25,1353,25,0,1378,1378,98.19,1.81,0,98.19,1.81,0
10-12-2024,Dec-24,DKD,not defined,1,0,0,1,0,0,1,1,100,0,0,100,0,0
10-12-2024,Dec-24,DBS,Non CCU,39198,5,8660,39198,8660,5,47863,47863,81.9,18.09,0.01,81.9,18.09,0.01
10-12-2024,Dec-24,DCB,Non CCU,19682,14,643,19682,643,14,20339,20339,96.77,3.16,0.07,96.77,3.16,0.07
10-12-2024,Dec-24,DLB,Non CCU,9143,0,248,9143,248,0,9391,9391,97.36,2.64,0,97.36,2.64,0
10-12-2024,Dec-24,DMC,CCU,941,0,16,941,16,0,957,957,98.33,1.67,0,98.33,1.67,0
10-12-2024,Dec-24,DDC,CCU,180,1,9,180,9,1,190,190,94.74,4.74,0.53,94.74,4.74,0.53
10-12-2024,Dec-24,DVS,CCU,5,0,0,5,0,0,5,5,100,0,0,100,0,0
10-12-2024,Dec-24,DBB,not defined,2,0,0,2,0,0,2,2,100,0,0,100,0,0
10-12-2024,Dec-24,DCD,not defined,96,0,1,96,1,0,97,97,98.97,1.03,0,98.97,1.03,0
10-12-2024,Dec-24,DCP,not defined,1,0,0,1,0,0,1,1,100,0,0,100,0,0
10-12-2024,Dec-24,DLS,not defined,2,0,1,2,1,0,3,3,66.67,33.33,0,66.67,33.33,0
10-12-2024,Dec-24,DCS,not defined,2,0,0,2,0,0,2,2,100,0,0,100,0,0
10-12-2024,Dec-24,DCK,CCU,24,1,2,24,2,1,27,27,88.89,7.41,3.7,88.89,7.41,3.7
10-12-2024,Dec-24,DST,not defined,80,0,3,80,3,0,83,83,96.39,3.61,0,96.39,3.61,0
10-12-2024,Dec-24,DSB,CCU,4561,320,25,4561,25,320,4906,4906,92.97,0.51,6.52,92.97,0.51,6.52
10-12-2024,Dec-24,ACK,CCU,23,0,10,23,10,0,33,33,69.7,30.3,0,69.7,30.3,0
10-12-2024,Dec-24,AUF,CCU,85,0,0,85,0,0,85,85,100,0,0,100,0,0
10-12-2024,Dec-24,DUR,CCU,14,1,0,14,0,1,15,15,93.33,0,6.67,93.33,0,6.67
10-12-2024,Dec-24,EAF,Non CCU,24267,0,983,24267,983,0,25250,25250,96.11,3.89,0,96.11,3.89,0
10-12-2024,Dec-24,EDL,not defined,4,4,1,4,1,4,9,9,44.44,11.11,44.44,44.44,11.11,44.44
10-12-2024,Dec-24,ETA,not defined,33,0,4,33,4,0,37,37,89.19,10.81,0,89.19,10.81,0
10-12-2024,Dec-24,EDB,not defined,681,1,52,681,52,1,734,734,92.78,7.08,0.14,92.78,7.08,0.14
10-12-2024,Dec-24,ENB,not defined,5,0,1,5,1,0,6,6,83.33,16.67,0,83.33,16.67,0
10-12-2024,Dec-24,EQT,Non CCU,85900,2788,3503,85900,3503,2788,92191,92191,93.18,3.8,3.02,93.18,3.8,3.02
10-12-2024,Dec-24,ECL,not defined,19,0,10,19,10,0,29,29,65.52,34.48,0,65.52,34.48,0
10-12-2024,Dec-24,FSF,Non CCU,12613,0,1792,12613,1792,0,14405,14405,87.56,12.44,0,87.56,12.44,0
10-12-2024,Dec-24,FBL,Non CCU,237882,167184,7837,237882,7837,167184,412903,412903,57.61,1.9,40.49,57.61,1.9,40.49
10-12-2024,Dec-24,FNG,CCU,405,0,9,405,9,0,414,414,97.83,2.17,0,97.83,2.17,0
10-12-2024,Dec-24,FIN,Non CCU,136878,291,23429,136878,23429,291,160598,160598,85.23,14.59,0.18,85.23,14.59,0.18
10-12-2024,Dec-24,GHD,CCU,1065,0,23,1065,23,0,1088,1088,97.89,2.11,0,97.89,2.11,0
10-12-2024,Dec-24,GSL,not defined,20,0,0,20,0,0,20,20,100,0,0,100,0,0
10-12-2024,Dec-24,GSB,CCU,1,0,0,1,0,0,1,1,100,0,0,100,0,0
10-12-2024,Dec-24,GUC,CCU,17,0,1,17,1,0,18,18,94.44,5.56,0,94.44,5.56,0
10-12-2024,Dec-24,GUB,not defined,2,0,1,2,1,0,3,3,66.67,33.33,0,66.67,33.33,0
10-12-2024,Dec-24,GPB,Non CCU,6468,28,178,6468,178,28,6674,6674,96.91,2.67,0.42,96.91,2.67,0.42
10-12-2024,Dec-24,GSS,not defined,3,1,1,3,1,1,5,5,60,20,20,60,20,20
10-12-2024,Dec-24,GUJ,CCU,61,0,1,61,1,0,62,62,98.39,1.61,0,98.39,1.61,0
10-12-2024,Dec-24,GMB,not defined,33,0,0,33,0,0,33,33,100,0,0,100,0,0
10-12-2024,Dec-24,HSM,CCU,19,1,0,19,0,1,20,20,95,0,5,95,0,5
10-12-2024,Dec-24,HCB,Non CCU,11,0,0,11,0,0,11,11,100,0,0,100,0,0
10-12-2024,Dec-24,HDF,Non CCU,1218459,188,25326,1218459,25326,188,1243973,1243973,97.95,2.04,0.02,97.95,2.04,0.02
10-12-2024,Dec-24,HSB,Non CCU,11172,21,465,11172,465,21,11658,11658,95.83,3.99,0.18,95.83,3.99,0.18
10-12-2024,Dec-24,HUB,CCU,4,0,1,4,1,0,5,5,80,20,0,80,20,0
10-12-2024,Dec-24,HDB,not defined,9,0,0,9,0,0,9,9,100,0,0,100,0,0
10-12-2024,Dec-24,HUH,not defined,1,0,0,1,0,0,1,1,100,0,0,100,0,0
10-12-2024,Dec-24,HGB,CCU,5072,796,158,5072,158,796,6026,6026,84.17,2.62,13.21,84.17,2.62,13.21
10-12-2024,Dec-24,HMT,CCU,502,0,4,502,4,0,506,506,99.21,0.79,0,99.21,0.79,0
10-12-2024,Dec-24,HSW,CCU,343,0,0,343,0,0,343,343,100,0,0,100,0,0
10-12-2024,Dec-24,ICI,Non CCU,611412,13,23064,611412,23064,13,634489,634489,96.36,3.64,0,96.36,3.64,0
10-12-2024,Dec-24,ICS,not defined,10508,13,416,10508,416,13,10937,10937,96.08,3.8,0.12,96.08,3.8,0.12
10-12-2024,Dec-24,IDB,Non CCU,177695,7,7438,177695,7438,7,185140,185140,95.98,4.02,0,95.98,4.02,0
10-12-2024,Dec-24,IDF,Non CCU,123278,2701,3685,123278,3685,2701,129664,129664,95.07,2.84,2.08,95.07,2.84,2.08
10-12-2024,Dec-24,ICM,CCU,27,0,4,27,4,0,31,31,87.1,12.9,0,87.1,12.9,0
10-12-2024,Dec-24,ITB,not defined,138,0,1,138,1,0,139,139,99.28,0.72,0,99.28,0.72,0
10-12-2024,Dec-24,IKC,CCU,2,0,0,2,0,0,2,2,100,0,0,100,0,0
10-12-2024,Dec-24,IPB,Non CCU,234442,131,15398,234442,15398,131,249971,249971,93.79,6.16,0.05,93.79,6.16,0.05
10-12-2024,Dec-24,IPL,not defined,0,0,104,0,104,0,104,104,0,100,0,0,100,0
10-12-2024,Dec-24,INB,Non CCU,426371,45321,8801,426371,8801,45321,480493,480493,88.74,1.83,9.43,88.74,1.83,9.43
10-12-2024,Dec-24,IOB,Non CCU,210320,0,7088,210320,7088,0,217408,217408,96.74,3.26,0,96.74,3.26,0
10-12-2024,Dec-24,IPS,CCU,82,0,0,82,0,0,82,82,100,0,0,100,0,0
10-12-2024,Dec-24,IPC,CCU,67,0,1,67,1,0,68,68,98.53,1.47,0,98.53,1.47,0
10-12-2024,Dec-24,ISB,CCU,64,0,2,64,2,0,66,66,96.97,3.03,0,96.97,3.03,0
10-12-2024,Dec-24,INC,CCU,134,0,0,134,0,0,134,134,100,0,0,100,0,0
10-12-2024,Dec-24,IIB,Non CCU,270384,16598,9939,270384,9939,16598,296921,296921,91.06,3.35,5.59,91.06,3.35,5.59
10-12-2024,Dec-24,IKT,CCU,107,0,2,107,2,0,109,109,98.17,1.83,0,98.17,1.83,0
10-12-2024,Dec-24,JKG,CCU,7725,1,177,7725,177,1,7903,7903,97.75,2.24,0.01,97.75,2.24,0.01
10-12-2024,Dec-24,JNC,CCU,371,0,2,371,2,0,373,373,99.46,0.54,0,99.46,0.54,0
10-12-2024,Dec-24,JCA,not defined,60,3,3,60,3,3,66,66,90.91,4.55,4.55,90.91,4.55,4.55
10-12-2024,Dec-24,JIB,not defined,6,0,0,6,0,0,6,6,100,0,0,100,0,0
10-12-2024,Dec-24,JDC,not defined,3,0,0,3,0,0,3,3,100,0,0,100,0,0
10-12-2024,Dec-24,JJS,CCU,1975,0,60,1975,60,0,2035,2035,97.05,2.95,0,97.05,2.95,0
10-12-2024,Dec-24,JLB,CCU,313,0,5,313,5,0,318,318,98.43,1.57,0,98.43,1.57,0
10-12-2024,Dec-24,JAM,CCU,99,3,1,99,1,3,103,103,96.12,0.97,2.91,96.12,0.97,2.91
10-12-2024,Dec-24,JKB,Non CCU,127428,372,2585,127428,2585,372,130385,130385,97.73,1.98,0.29,97.73,1.98,0.29
10-12-2024,Dec-24,JCB,CCU,61,0,3,61,3,0,64,64,95.31,4.69,0,95.31,4.69,0
10-12-2024,Dec-24,JSF,Non CCU,5976,10,232,5976,232,10,6218,6218,96.11,3.73,0.16,96.11,3.73,0.16
10-12-2024,Dec-24,JKS,CCU,1506,1,28,1506,28,1,1535,1535,98.11,1.82,0.07,98.11,1.82,0.07
10-12-2024,Dec-24,JNS,CCU,1616,0,23,1616,23,0,1639,1639,98.6,1.4,0,98.6,1.4,0
10-12-2024,Dec-24,JBS,not defined,307,0,2,307,2,0,309,309,99.35,0.65,0,99.35,0.65,0
10-12-2024,Dec-24,JCM,not defined,40,0,1,40,1,0,41,41,97.56,2.44,0,97.56,2.44,0
10-12-2024,Dec-24,JSB,Non CCU,4434,0,166,4434,166,0,4600,4600,96.39,3.61,0,96.39,3.61,0
10-12-2024,Dec-24,JNA,CCU,226,0,0,226,0,0,226,226,100,0,0,100,0,0
10-12-2024,Dec-24,JSC,CCU,47,0,2,47,2,0,49,49,95.92,4.08,0,95.92,4.08,0
10-12-2024,Dec-24,JUC,CCU,29,7,0,29,0,7,36,36,80.56,0,19.44,80.56,0,19.44
10-12-2024,Dec-24,JWH,not defined,1,0,0,1,0,0,1,1,100,0,0,100,0,0
10-12-2024,Dec-24,JMS,CCU,82,0,0,82,0,0,82,82,100,0,0,100,0,0
10-12-2024,Dec-24,JSU,not defined,0,363,0,0,0,363,363,363,0,0,100,0,0,100
10-12-2024,Dec-24,JSK,not defined,10,2,0,10,0,2,12,12,83.33,0,16.67,83.33,0,16.67
10-12-2024,Dec-24,JKX,not defined,25,2,0,25,0,2,27,27,92.59,0,7.41,92.59,0,7.41
10-12-2024,Dec-24,JMR,CCU,420,0,5,420,5,0,425,425,98.82,1.18,0,98.82,1.18,0
10-12-2024,Dec-24,JSR,not defined,17,0,2,17,2,0,19,19,89.47,10.53,0,89.47,10.53,0
10-12-2024,Dec-24,JSE,not defined,21,1,0,21,0,1,22,22,95.45,0,4.55,95.45,0,4.55
10-12-2024,Dec-24,JSH,not defined,17,0,0,17,0,0,17,17,100,0,0,100,0,0
10-12-2024,Dec-24,JKK,CCU,250,1,0,250,0,1,251,251,99.6,0,0.4,99.6,0,0.4
10-12-2024,Dec-24,JKA,not defined,6,0,0,6,0,0,6,6,100,0,0,100,0,0
10-12-2024,Dec-24,JSD,CCU,186,0,1,186,1,0,187,187,99.47,0.53,0,99.47,0.53,0
10-12-2024,Dec-24,JSM,not defined,0,47,0,0,0,47,47,47,0,0,100,0,0,100
10-12-2024,Dec-24,JNR,not defined,21,0,0,21,0,0,21,21,100,0,0,100,0,0
10-12-2024,Dec-24,JSJ,not defined,20,0,0,20,0,0,20,20,100,0,0,100,0,0
10-12-2024,Dec-24,JDW,not defined,7,0,2,7,2,0,9,9,77.78,22.22,0,77.78,22.22,0
10-12-2024,Dec-24,JDU,not defined,15,0,0,15,0,0,15,15,100,0,0,100,0,0
10-12-2024,Dec-24,JVU,not defined,35,1,0,35,0,1,36,36,97.22,0,2.78,97.22,0,2.78
10-12-2024,Dec-24,JDM,not defined,12,0,0,12,0,0,12,12,100,0,0,100,0,0
10-12-2024,Dec-24,JIO,Non CCU,46368,103,3700,46368,3700,103,50171,50171,92.42,7.37,0.21,92.42,7.37,0.21
10-12-2024,Dec-24,JVN,CCU,138,0,0,138,0,0,138,138,100,0,0,100,0,0
10-12-2024,Dec-24,JDH,CCU,59,0,12,59,12,0,71,71,83.1,16.9,0,83.1,16.9,0
10-12-2024,Dec-24,JGC,CCU,144,1,5,144,5,1,150,150,96,3.33,0.67,96,3.33,0.67
10-12-2024,Dec-24,KUL,not defined,23,0,0,23,0,0,23,23,100,0,0,100,0,0
10-12-2024,Dec-24,KHN,not defined,1,0,0,1,0,0,1,1,100,0,0,100,0,0
10-12-2024,Dec-24,KOB,CCU,21,0,0,21,0,0,21,21,100,0,0,100,0,0
10-12-2024,Dec-24,KAI,CCU,2194,2,29,2194,29,2,2225,2225,98.61,1.3,0.09,98.61,1.3,0.09
10-12-2024,Dec-24,KIB,CCU,3210,4,123,3210,123,4,3337,3337,96.19,3.69,0.12,96.19,3.69,0.12
10-12-2024,Dec-24,KJB,CCU,3192,0,55,3192,55,0,3247,3247,98.31,1.69,0,98.31,1.69,0
10-12-2024,Dec-24,KCM,CCU,150,1,8,150,8,1,159,159,94.34,5.03,0.63,94.34,5.03,0.63
10-12-2024,Dec-24,KNK,CCU,406,0,5,406,5,0,411,411,98.78,1.22,0,98.78,1.22,0
10-12-2024,Dec-24,KVG,CCU,18948,2,227,18948,227,2,19177,19177,98.81,1.18,0.01,98.81,1.18,0.01
10-12-2024,Dec-24,KTB,Non CCU,171690,1217,2691,171690,2691,1217,175598,175598,97.77,1.53,0.69,97.77,1.53,0.69
10-12-2024,Dec-24,PKB,CCU,31035,2323,691,31035,691,2323,34049,34049,91.15,2.03,6.82,91.15,2.03,6.82
10-12-2024,Dec-24,KMC,CCU,33,0,0,33,0,0,33,33,100,0,0,100,0,0
10-12-2024,Dec-24,KVB,Non CCU,120655,0,3684,120655,3684,0,124339,124339,97.04,2.96,0,97.04,2.96,0
10-12-2024,Dec-24,KSM,CCU,153,0,6,153,6,0,159,159,96.23,3.77,0,96.23,3.77,0
10-12-2024,Dec-24,KEP,not defined,11,0,0,11,0,0,11,11,100,0,0,100,0,0
10-12-2024,Dec-24,KLG,CCU,31729,1934,907,31729,907,1934,34570,34570,91.78,2.62,5.59,91.78,2.62,5.59
10-12-2024,Dec-24,KSL,not defined,6,0,0,6,0,0,6,6,100,0,0,100,0,0
10-12-2024,Dec-24,KHC,CCU,12,0,0,12,0,0,12,12,100,0,0,100,0,0
10-12-2024,Dec-24,KOT,CCU,6,0,0,6,0,0,6,6,100,0,0,100,0,0
10-12-2024,Dec-24,KKN,CCU,1128,2,5,1128,5,2,1135,1135,99.38,0.44,0.18,99.38,0.44,0.18
10-12-2024,Dec-24,KDK,CCU,1633,0,30,1633,30,0,1663,1663,98.2,1.8,0,98.2,1.8,0
10-12-2024,Dec-24,KLM,CCU,79,0,0,79,0,0,79,79,100,0,0,100,0,0
10-12-2024,Dec-24,KPC,not defined,3,0,0,3,0,0,3,3,100,0,0,100,0,0
10-12-2024,Dec-24,KTN,not defined,8,0,1,8,1,0,9,9,88.89,11.11,0,88.89,11.11,0
10-12-2024,Dec-24,KMB,Non CCU,748586,71,12708,748586,12708,71,761365,761365,98.32,1.67,0.01,98.32,1.67,0.01
10-12-2024,Dec-24,KSB,CCU,14,0,0,14,0,0,14,14,100,0,0,100,0,0
10-12-2024,Dec-24,KRI,CCU,315,0,16,315,16,0,331,331,95.17,4.83,0,95.17,4.83,0
10-12-2024,Dec-24,KML,CCU,6,0,0,6,0,0,6,6,100,0,0,100,0,0
10-12-2024,Dec-24,KRB,CCU,18,0,3,18,3,0,21,21,85.71,14.29,0,85.71,14.29,0
10-12-2024,Dec-24,TLC,CCU,387,0,4,387,4,0,391,391,98.98,1.02,0,98.98,1.02,0
10-12-2024,Dec-24,LEC,CCU,12,0,0,12,0,0,12,12,100,0,0,100,0,0
10-12-2024,Dec-24,LKB,CCU,33,0,1,33,1,0,34,34,97.06,2.94,0,97.06,2.94,0
10-12-2024,Dec-24,LVB,not defined,2,0,1,2,1,0,3,3,66.67,33.33,0,66.67,33.33,0
10-12-2024,Dec-24,LUC,CCU,22,0,88,22,88,0,110,110,20,80,0,20,80,0
10-12-2024,Dec-24,LSN,not defined,5,2,0,5,0,2,7,7,71.43,0,28.57,71.43,0,28.57
10-12-2024,Dec-24,LUL,CCU,32,0,1,32,1,0,33,33,96.97,3.03,0,96.97,3.03,0
10-12-2024,Dec-24,LMN,not defined,1,0,2,1,2,0,3,3,33.33,66.67,0,33.33,66.67,0
10-12-2024,Dec-24,LCB,CCU,45,0,0,45,0,0,45,45,100,0,0,100,0,0
10-12-2024,Dec-24,LCI,CCU,81,0,3,81,3,0,84,84,96.43,3.57,0,96.43,3.57,0
10-12-2024,Dec-24,LDS,not defined,12,2,0,12,0,2,14,14,85.71,0,14.29,85.71,0,14.29
10-12-2024,Dec-24,LNS,CCU,9,0,0,9,0,0,9,9,100,0,0,100,0,0
10-12-2024,Dec-24,LSB,CCU,187,0,15,187,15,0,202,202,92.57,7.43,0,92.57,7.43,0
10-12-2024,Dec-24,MSC,CCU,61,0,1,61,1,0,62,62,98.39,1.61,0,98.39,1.61,0
10-12-2024,Dec-24,MRS,CCU,145,0,0,145,0,0,145,145,100,0,0,100,0,0
10-12-2024,Dec-24,LAK,CCU,443,0,15,443,15,0,458,458,96.72,3.28,0,96.72,3.28,0
10-12-2024,Dec-24,MSN,CCU,3,0,1,3,1,0,4,4,75,25,0,75,25,0
10-12-2024,Dec-24,MCU,CCU,135,0,11,135,11,0,146,146,92.47,7.53,0,92.47,7.53,0
10-12-2024,Dec-24,MVY,CCU,79,0,2,79,2,0,81,81,97.53,2.47,0,97.53,2.47,0
10-12-2024,Dec-24,MNR,CCU,272,0,20,272,20,0,292,292,93.15,6.85,0,93.15,6.85,0
10-12-2024,Dec-24,MAI,CCU,29,0,8,29,8,0,37,37,78.38,21.62,0,78.38,21.62,0
10-12-2024,Dec-24,MBT,CCU,3,0,0,3,0,0,3,3,100,0,0,100,0,0
10-12-2024,Dec-24,MBB,CCU,33159,2,914,33159,914,2,34075,34075,97.31,2.68,0.01,97.31,2.68,0.01
10-12-2024,Dec-24,MDB,not defined,4241,270,381,4241,381,270,4892,4892,86.69,7.79,5.52,86.69,7.79,5.52
10-12-2024,Dec-24,MNB,CCU,2609,0,74,2609,74,0,2683,2683,97.24,2.76,0,97.24,2.76,0
10-12-2024,Dec-24,MHN,CCU,50,2,0,50,0,2,52,52,96.15,0,3.85,96.15,0,3.85
10-12-2024,Dec-24,MGB,CCU,48521,180,368,48521,368,180,49069,49069,98.88,0.75,0.37,98.88,0.75,0.37
10-12-2024,Dec-24,MFU,CCU,83,0,0,83,0,0,83,83,100,0,0,100,0,0
10-12-2024,Dec-24,MHS,CCU,620,0,13,620,13,0,633,633,97.95,2.05,0,97.95,2.05,0
10-12-2024,Dec-24,MUP,CCU,44,0,0,44,0,0,44,44,100,0,0,100,0,0
10-12-2024,Dec-24,MUB,not defined,19,0,2,19,2,0,21,21,90.48,9.52,0,90.48,9.52,0
10-12-2024,Dec-24,MMM,CCU,8,0,0,8,0,0,8,8,100,0,0,100,0,0
10-12-2024,Dec-24,MDM,CCU,81,0,4,81,4,0,85,85,95.29,4.71,0,95.29,4.71,0
10-12-2024,Dec-24,MCB,CCU,24,0,3,24,3,0,27,27,88.89,11.11,0,88.89,11.11,0
10-12-2024,Dec-24,MNM,not defined,26,0,0,26,0,0,26,26,100,0,0,100,0,0
10-12-2024,Dec-24,MNG,CCU,72,0,0,72,0,0,72,72,100,0,0,100,0,0
10-12-2024,Dec-24,MCL,CCU,74,0,1,74,1,0,75,75,98.67,1.33,0,98.67,1.33,0
10-12-2024,Dec-24,MBL,not defined,2,0,1,2,1,0,3,3,66.67,33.33,0,66.67,33.33,0
10-12-2024,Dec-24,MRB,CCU,2474,1,50,2474,50,1,2525,2525,97.98,1.98,0.04,97.98,1.98,0.04
10-12-2024,Dec-24,MUC,CCU,6582,2,136,6582,136,2,6720,6720,97.95,2.02,0.03,97.95,2.02,0.03
10-12-2024,Dec-24,MZM,CCU,100,1,1,100,1,1,102,102,98.04,0.98,0.98,98.04,0.98,0.98
10-12-2024,Dec-24,MZB,not defined,2437,5,47,2437,47,5,2489,2489,97.91,1.89,0.2,97.91,1.89,0.2
10-12-2024,Dec-24,MUD,not defined,11,0,0,11,0,0,11,11,100,0,0,100,0,0
10-12-2024,Dec-24,MOC,CCU,677,0,26,677,26,0,703,703,96.3,3.7,0,96.3,3.7,0
10-12-2024,Dec-24,MCT,CCU,3,0,1,3,1,0,4,4,75,25,0,75,25,0
10-12-2024,Dec-24,MDG,not defined,4,0,0,4,0,0,4,4,100,0,0,100,0,0
10-12-2024,Dec-24,MUG,not defined,15,0,0,15,0,0,15,15,100,0,0,100,0,0
10-12-2024,Dec-24,MDO,CCU,243,0,40,243,40,0,283,283,85.87,14.13,0,85.87,14.13,0
10-12-2024,Dec-24,MDC,CCU,35,0,0,35,0,0,35,35,100,0,0,100,0,0
10-12-2024,Dec-24,NSM,not defined,14,0,0,14,0,0,14,14,100,0,0,100,0,0
10-12-2024,Dec-24,NBP,not defined,10,0,0,10,0,0,10,10,100,0,0,100,0,0
10-12-2024,Dec-24,NGB,Non CCU,5553,0,67,5553,67,0,5620,5620,98.81,1.19,0,98.81,1.19,0
10-12-2024,Dec-24,NRP,CCU,8,1,0,8,0,1,9,9,88.89,0,11.11,88.89,0,11.11
10-12-2024,Dec-24,NSD,Non CCU,28152,63,3686,28152,3686,63,31901,31901,88.25,11.55,0.2,88.25,11.55,0.2
10-12-2024,Dec-24,NRB,not defined,15,0,2,15,2,0,17,17,88.24,11.76,0,88.24,11.76,0
10-12-2024,Dec-24,NGG,not defined,1,0,0,1,0,0,1,1,100,0,0,100,0,0
10-12-2024,Dec-24,NCO,not defined,4,0,0,4,0,0,4,4,100,0,0,100,0,0
10-12-2024,Dec-24,NMV,CCU,17,0,0,17,0,0,17,17,100,0,0,100,0,0
10-12-2024,Dec-24,NSG,CCU,50,0,0,50,0,0,50,50,100,0,0,100,0,0
10-12-2024,Dec-24,NND,not defined,191,3,7,191,7,3,201,201,95.02,3.48,1.49,95.02,3.48,1.49
10-12-2024,Dec-24,NSN,CCU,91,0,2,91,2,0,93,93,97.85,2.15,0,97.85,2.15,0
10-12-2024,Dec-24,NVC,CCU,60,0,0,60,0,0,60,60,100,0,0,100,0,0
10-12-2024,Dec-24,NMB,CCU,213,1,3,213,3,1,217,217,98.16,1.38,0.46,98.16,1.38,0.46
10-12-2024,Dec-24,NVS,CCU,29,0,3,29,3,0,32,32,90.62,9.38,0,90.62,9.38,0
10-12-2024,Dec-24,NYC,not defined,2,0,0,2,0,0,2,2,100,0,0,100,0,0
10-12-2024,Dec-24,NIC,CCU,475,6,26,475,26,6,507,507,93.69,5.13,1.18,93.69,5.13,1.18
10-12-2024,Dec-24,NID,not defined,126,0,12,126,12,0,138,138,91.3,8.7,0,91.3,8.7,0
10-12-2024,Dec-24,NIB,not defined,5,0,0,5,0,0,5,5,100,0,0,100,0,0
10-12-2024,Dec-24,NUC,not defined,51,0,1,51,1,0,52,52,98.08,1.92,0,98.08,1.92,0
10-12-2024,Dec-24,APC,not defined,11,0,0,11,0,0,11,11,100,0,0,100,0,0
10-12-2024,Dec-24,BUO,not defined,6,7,2,6,2,7,15,15,40,13.33,46.67,40,13.33,46.67
10-12-2024,Dec-24,CHH,not defined,4,0,0,4,0,0,4,4,100,0,0,100,0,0
10-12-2024,Dec-24,DCV,not defined,27,0,0,27,0,0,27,27,100,0,0,100,0,0
10-12-2024,Dec-24,GNG,not defined,1,0,0,1,0,0,1,1,100,0,0,100,0,0
10-12-2024,Dec-24,MCN,not defined,1,0,0,1,0,0,1,1,100,0,0,100,0,0
10-12-2024,Dec-24,MTB,not defined,6,0,3,6,3,0,9,9,66.67,33.33,0,66.67,33.33,0
10-12-2024,Dec-24,PSR,not defined,41,0,2,41,2,0,43,43,95.35,4.65,0,95.35,4.65,0
10-12-2024,Dec-24,TBB,not defined,18,0,1,18,1,0,19,19,94.74,5.26,0,94.74,5.26,0
10-12-2024,Dec-24,YCB,not defined,1,0,0,1,0,0,1,1,100,0,0,100,0,0
10-12-2024,Dec-24,NCL,not defined,26,0,26,26,26,0,52,52,50,50,0,50,50,0
10-12-2024,Dec-24,NES,Non CCU,11491,14,365,11491,365,14,11870,11870,96.81,3.07,0.12,96.81,3.07,0.12
10-12-2024,Dec-24,NNI,CCU,1172,115,24,1172,24,115,1311,1311,89.4,1.83,8.77,89.4,1.83,8.77
10-12-2024,Dec-24,NSB,CCU,11,0,0,11,0,0,11,11,100,0,0,100,0,0
10-12-2024,Dec-24,OGB,not defined,2739,1,34,2739,34,1,2774,2774,98.74,1.23,0.04,98.74,1.23,0.04
10-12-2024,Dec-24,OSC,not defined,13,0,1,13,1,0,14,14,92.86,7.14,0,92.86,7.14,0
10-12-2024,Dec-24,ODP,CCU,9,0,0,9,0,0,9,9,100,0,0,100,0,0
10-12-2024,Dec-24,OJS,not defined,124,0,121,124,121,0,245,245,50.61,49.39,0,50.61,49.39,0
10-12-2024,Dec-24,PTN,CCU,286,0,8,286,8,0,294,294,97.28,2.72,0,97.28,2.72,0
10-12-2024,Dec-24,PPC,not defined,2,0,0,2,0,0,2,2,100,0,0,100,0,0
10-12-2024,Dec-24,PMR,not defined,138,12,6,138,6,12,156,156,88.46,3.85,7.69,88.46,3.85,7.69
10-12-2024,Dec-24,PBB,CCU,161,1,2,161,2,1,164,164,98.17,1.22,0.61,98.17,1.22,0.61
10-12-2024,Dec-24,PLB,CCU,84,0,0,84,0,0,84,84,100,0,0,100,0,0
10-12-2024,Dec-24,PLS,not defined,588,0,5,588,5,0,593,593,99.16,0.84,0,99.16,0.84,0
10-12-2024,Dec-24,PDM,not defined,8,0,0,8,0,0,8,8,100,0,0,100,0,0
10-12-2024,Dec-24,PRS,not defined,27,0,7,27,7,0,34,34,79.41,20.59,0,79.41,20.59,0
10-12-2024,Dec-24,PBG,CCU,1415,9,35,1415,35,9,1459,1459,96.98,2.4,0.62,96.98,2.4,0.62
10-12-2024,Dec-24,PTL,not defined,29,1,6,29,6,1,36,36,80.56,16.67,2.78,80.56,16.67,2.78
10-12-2024,Dec-24,PSI,CCU,141,104,0,141,0,104,245,245,57.55,0,42.45,57.55,0,42.45
10-12-2024,Dec-24,PCI,CCU,139,1,6,139,6,1,146,146,95.21,4.11,0.68,95.21,4.11,0.68
10-12-2024,Dec-24,PDU,CCU,75,0,0,75,0,0,75,75,100,0,0,100,0,0
10-12-2024,Dec-24,PUD,not defined,338,2,1,338,1,2,341,341,99.12,0.29,0.59,99.12,0.29,0.59
10-12-2024,Dec-24,PZS,not defined,44,2,18,44,18,2,64,64,68.75,28.12,3.12,68.75,28.12,3.12
10-12-2024,Dec-24,PWN,CCU,550,0,4,550,4,0,554,554,99.28,0.72,0,99.28,0.72,0
10-12-2024,Dec-24,PMN,not defined,6,0,0,6,0,0,6,6,100,0,0,100,0,0
10-12-2024,Dec-24,PSV,not defined,93,0,15,93,15,0,108,108,86.11,13.89,0,86.11,13.89,0
10-12-2024,Dec-24,SUB,CCU,26036,108,1591,26036,1591,108,27735,27735,93.87,5.74,0.39,93.87,5.74,0.39
10-12-2024,Dec-24,PSS,CCU,3,0,0,3,0,0,3,3,100,0,0,100,0,0
10-12-2024,Dec-24,PRC,CCU,230,0,7,230,7,0,237,237,97.05,2.95,0,97.05,2.95,0
10-12-2024,Dec-24,PCB,CCU,1946,0,77,1946,77,0,2023,2023,96.19,3.81,0,96.19,3.81,0
10-12-2024,Dec-24,PRY,CCU,1074,1,4,1074,4,1,1079,1079,99.54,0.37,0.09,99.54,0.37,0.09
10-12-2024,Dec-24,PDB,not defined,18,0,2,18,2,0,20,20,90,10,0,90,10,0
10-12-2024,Dec-24,PUN,CCU,2030,37,17,2030,17,37,2084,2084,97.41,0.82,1.78,97.41,0.82,1.78
10-12-2024,Dec-24,PBM,not defined,173,0,101,173,101,0,274,274,63.14,36.86,0,63.14,36.86,0
10-12-2024,Dec-24,PPO,CCU,853,0,7,853,7,0,860,860,99.19,0.81,0,99.19,0.81,0
10-12-2024,Dec-24,PNE,CCU,179,0,12,179,12,0,191,191,93.72,6.28,0,93.72,6.28,0
10-12-2024,Dec-24,PSB,Non CCU,71077,23,2838,71077,2838,23,73938,73938,96.13,3.84,0.03,96.13,3.84,0.03
10-12-2024,Dec-24,PNB,Non CCU,842469,4,23774,842469,23774,4,866247,866247,97.26,2.74,0,97.26,2.74,0
10-12-2024,Dec-24,PUL,not defined,12,0,0,12,0,0,12,12,100,0,0,100,0,0
10-12-2024,Dec-24,RKT,CCU,1608,0,15,1608,15,0,1623,1623,99.08,0.92,0,99.08,0.92,0
10-12-2024,Dec-24,RAC,CCU,13,0,0,13,0,0,13,13,100,0,0,100,0,0
10-12-2024,Dec-24,RZS,CCU,51,1,3,51,3,1,55,55,92.73,5.45,1.82,92.73,5.45,1.82
10-12-2024,Dec-24,RNB,Non CCU,39679,0,1428,39679,1428,0,41107,41107,96.53,3.47,0,96.53,3.47,0
10-12-2024,Dec-24,RDC,CCU,45,0,12,45,12,0,57,57,78.95,21.05,0,78.95,21.05,0
10-12-2024,Dec-24,RGD,CCU,278,0,3,278,3,0,281,281,98.93,1.07,0,98.93,1.07,0
10-12-2024,Dec-24,REC,CCU,13,0,0,13,0,0,13,13,100,0,0,100,0,0
10-12-2024,Dec-24,RCB,CCU,62,0,394,62,394,0,456,456,13.6,86.4,0,13.6,86.4,0
10-12-2024,Dec-24,RUB,not defined,448,0,0,448,0,0,448,448,100,0,0,100,0,0
10-12-2024,Dec-24,RBB,CCU,468,0,3,468,3,0,471,471,99.36,0.64,0,99.36,0.64,0
10-12-2024,Dec-24,RJH,CCU,48,0,6,48,6,0,54,54,88.89,11.11,0,88.89,11.11,0
10-12-2024,Dec-24,RSB,CCU,50,0,1,50,1,0,51,51,98.04,1.96,0,98.04,1.96,0
10-12-2024,Dec-24,RMG,CCU,35862,42,776,35862,776,42,36680,36680,97.77,2.12,0.11,97.77,2.12,0.11
10-12-2024,Dec-24,RVK,CCU,17,0,1,17,1,0,18,18,94.44,5.56,0,94.44,5.56,0
10-12-2024,Dec-24,RNS,CCU,1713,0,26,1713,26,0,1739,1739,98.5,1.5,0,98.5,1.5,0
10-12-2024,Dec-24,RJT,CCU,217,0,4,217,4,0,221,221,98.19,1.81,0,98.19,1.81,0
10-12-2024,Dec-24,RKN,CCU,5213,1,173,5213,173,1,5387,5387,96.77,3.21,0.02,96.77,3.21,0.02
10-12-2024,Dec-24,RPT,CCU,223,0,3,223,3,0,226,226,98.67,1.33,0,98.67,1.33,0
10-12-2024,Dec-24,RNI,CCU,36,0,0,36,0,0,36,36,100,0,0,100,0,0
10-12-2024,Dec-24,RDL,CCU,137,1,2,137,2,1,140,140,97.86,1.43,0.71,97.86,1.43,0.71
10-12-2024,Dec-24,RBE,CCU,3,0,0,3,0,0,3,3,100,0,0,100,0,0
10-12-2024,Dec-24,SKU,CCU,47,0,0,47,0,0,47,47,100,0,0,100,0,0
10-12-2024,Dec-24,SDC,not defined,222,0,308,222,308,0,530,530,41.89,58.11,0,41.89,58.11,0
10-12-2024,Dec-24,SIS,not defined,32,0,0,32,0,0,32,32,100,0,0,100,0,0
10-12-2024,Dec-24,SDG,not defined,160,0,0,160,0,0,160,160,100,0,0,100,0,0
10-12-2024,Dec-24,SBL,Non CCU,1991,3,73,1991,73,3,2067,2067,96.32,3.53,0.15,96.32,3.53,0.15
10-12-2024,Dec-24,SBB,not defined,17,0,0,17,0,0,17,17,100,0,0,100,0,0
10-12-2024,Dec-24,SDH,CCU,99,0,0,99,0,0,99,99,100,0,0,100,0,0
10-12-2024,Dec-24,SHK,CCU,1130,1,1221,1130,1221,1,2352,2352,48.04,51.91,0.04,48.04,51.91,0.04
10-12-2024,Dec-24,SDN,CCU,39,0,0,39,0,0,39,39,100,0,0,100,0,0
10-12-2024,Dec-24,SUJ,CCU,204,0,15,204,15,0,219,219,93.15,6.85,0,93.15,6.85,0
10-12-2024,Dec-24,SCN,CCU,72,0,1,72,1,0,73,73,98.63,1.37,0,98.63,1.37,0
10-12-2024,Dec-24,SLP,not defined,217,0,1,217,1,0,218,218,99.54,0.46,0,99.54,0.46,0
10-12-2024,Dec-24,SMY,not defined,3,0,1,3,1,0,4,4,75,25,0,75,25,0
10-12-2024,Dec-24,SGS,CCU,6,0,1,6,1,0,7,7,85.71,14.29,0,85.71,14.29,0
10-12-2024,Dec-24,PSN,not defined,1,0,0,1,0,0,1,1,100,0,0,100,0,0
10-12-2024,Dec-24,SSK,CCU,951,3,15,951,15,3,969,969,98.14,1.55,0.31,98.14,1.55,0.31
10-12-2024,Dec-24,SVC,Non CCU,13407,0,923,13407,923,0,14330,14330,93.56,6.44,0,93.56,6.44,0
10-12-2024,Dec-24,SUS,CCU,4,0,0,4,0,0,4,4,100,0,0,100,0,0
10-12-2024,Dec-24,SDB,CCU,93,0,4,93,4,0,97,97,95.88,4.12,0,95.88,4.12,0
10-12-2024,Dec-24,SDS,CCU,256,0,6,256,6,0,262,262,97.71,2.29,0,97.71,2.29,0
10-12-2024,Dec-24,SBN,CCU,396,0,6,396,6,0,402,402,98.51,1.49,0,98.51,1.49,0
10-12-2024,Dec-24,SMB,CCU,21,0,1,21,1,0,22,22,95.45,4.55,0,95.45,4.55,0
10-12-2024,Dec-24,SSJ,CCU,50,0,0,50,0,0,50,50,100,0,0,100,0,0
10-12-2024,Dec-24,SDM,CCU,666,0,15,666,15,0,681,681,97.8,2.2,0,97.8,2.2,0
10-12-2024,Dec-24,SCO,CCU,35,0,1,35,1,0,36,36,97.22,2.78,0,97.22,2.78,0
10-12-2024,Dec-24,SMS,CCU,255,0,2,255,2,0,257,257,99.22,0.78,0,99.22,0.78,0
10-12-2024,Dec-24,SCS,not defined,28,0,0,28,0,0,28,28,100,0,0,100,0,0
10-12-2024,Dec-24,SMR,CCU,14,0,1,14,1,0,15,15,93.33,6.67,0,93.33,6.67,0
10-12-2024,Dec-24,SDR,CCU,25,0,0,25,0,0,25,25,100,0,0,100,0,0
10-12-2024,Dec-24,SSC,CCU,5,0,0,5,0,0,5,5,100,0,0,100,0,0
10-12-2024,Dec-24,SSP,CCU,215,0,2,215,2,0,217,217,99.08,0.92,0,99.08,0.92,0
10-12-2024,Dec-24,SGB,CCU,923,7,26,923,26,7,956,956,96.55,2.72,0.73,96.55,2.72,0.73
10-12-2024,Dec-24,SNV,CCU,7,0,0,7,0,0,7,7,100,0,0,100,0,0
10-12-2024,Dec-24,SNS,CCU,826,0,3,826,3,0,829,829,99.64,0.36,0,99.64,0.36,0
10-12-2024,Dec-24,SRC,Non CCU,38149,486,687,38149,687,486,39322,39322,97.02,1.75,1.24,97.02,1.75,1.24
10-12-2024,Dec-24,SAR,CCU,846,0,10,846,10,0,856,856,98.83,1.17,0,98.83,1.17,0
10-12-2024,Dec-24,SSN,CCU,53,0,0,53,0,0,53,53,100,0,0,100,0,0
10-12-2024,Dec-24,SVS,CCU,124,0,5,124,5,0,129,129,96.12,3.88,0,96.12,3.88,0
10-12-2024,Dec-24,SBG,CCU,21490,0,1025,21490,1025,0,22515,22515,95.45,4.55,0,95.45,4.55,0
10-12-2024,Dec-24,SRV,CCU,388,0,9,388,9,0,397,397,97.73,2.27,0,97.73,2.27,0
10-12-2024,Dec-24,SVY,CCU,1178,4,47,1178,47,4,1229,1229,95.85,3.82,0.33,95.85,3.82,0.33
10-12-2024,Dec-24,SAG,CCU,6949,771,0,6949,0,771,7720,7720,90.01,0,9.99,90.01,0,9.99
10-12-2024,Dec-24,SSM,CCU,904,1,18,904,18,1,923,923,97.94,1.95,0.11,97.94,1.95,0.11
10-12-2024,Dec-24,SHH,not defined,208,3,2,208,2,3,213,213,97.65,0.94,1.41,97.65,0.94,1.41
10-12-2024,Dec-24,SNI,not defined,4,0,0,4,0,0,4,4,100,0,0,100,0,0
10-12-2024,Dec-24,SSD,not defined,13,0,2,13,2,0,15,15,86.67,13.33,0,86.67,13.33,0
10-12-2024,Dec-24,SVN,not defined,24,1,0,24,0,1,25,25,96,0,4,96,0,4
10-12-2024,Dec-24,SH3,not defined,1501,1,34,1501,34,1,1536,1536,97.72,2.21,0.07,97.72,2.21,0.07
10-12-2024,Dec-24,SHB,Non CCU,29,0,0,29,0,0,29,29,100,0,0,100,0,0
10-12-2024,Dec-24,SHN,CCU,1,0,1,1,1,0,2,2,50,50,0,50,50,0
10-12-2024,Dec-24,SBR,CCU,6,0,0,6,0,0,6,6,100,0,0,100,0,0
10-12-2024,Dec-24,SKN,not defined,9,0,71,9,71,0,80,80,11.25,88.75,0,11.25,88.75,0
10-12-2024,Dec-24,SMO,CCU,53,0,1,53,1,0,54,54,98.15,1.85,0,98.15,1.85,0
10-12-2024,Dec-24,SMN,CCU,35,0,3,35,3,0,38,38,92.11,7.89,0,92.11,7.89,0
10-12-2024,Dec-24,SMD,not defined,2,0,0,2,0,0,2,2,100,0,0,100,0,0
10-12-2024,Dec-24,SPN,CCU,278,0,50,278,50,0,328,328,84.76,15.24,0,84.76,15.24,0
10-12-2024,Dec-24,SHE,not defined,90,0,3,90,3,0,93,93,96.77,3.23,0,96.77,3.23,0
10-12-2024,Dec-24,STN,not defined,7,0,0,7,0,0,7,7,100,0,0,100,0,0
10-12-2024,Dec-24,STC,CCU,30,0,5,30,5,0,35,35,85.71,14.29,0,85.71,14.29,0
10-12-2024,Dec-24,SHV,CCU,5,0,1,5,1,0,6,6,83.33,16.67,0,83.33,16.67,0
10-12-2024,Dec-24,SWS,CCU,624,0,6,624,6,0,630,630,99.05,0.95,0,99.05,0.95,0
10-12-2024,Dec-24,SAC,CCU,501,0,16,501,16,0,517,517,96.91,3.09,0,96.91,3.09,0
10-12-2024,Dec-24,BSB,CCU,116,0,0,116,0,0,116,116,100,0,0,100,0,0
10-12-2024,Dec-24,SHG,CCU,3,0,0,3,0,0,3,3,100,0,0,100,0,0
10-12-2024,Dec-24,SRS,CCU,1894,4,23,1894,23,4,1921,1921,98.59,1.2,0.21,98.59,1.2,0.21
10-12-2024,Dec-24,SDT,CCU,1,0,0,1,0,0,1,1,100,0,0,100,0,0
10-12-2024,Dec-24,SGM,CCU,17,0,0,17,0,0,17,17,100,0,0,100,0,0
10-12-2024,Dec-24,SJS,CCU,84,0,12,84,12,0,96,96,87.5,12.5,0,87.5,12.5,0
10-12-2024,Dec-24,SLK,CCU,4,0,0,4,0,0,4,4,100,0,0,100,0,0
10-12-2024,Dec-24,SML,CCU,94,0,0,94,0,0,94,94,100,0,0,100,0,0
10-12-2024,Dec-24,SMW,CCU,84,0,5,84,5,0,89,89,94.38,5.62,0,94.38,5.62,0
10-12-2024,Dec-24,SRL,CCU,2,0,0,2,0,0,2,2,100,0,0,100,0,0
10-12-2024,Dec-24,SMC,not defined,3,0,0,3,0,0,3,3,100,0,0,100,0,0
10-12-2024,Dec-24,SHL,CCU,7,0,0,7,0,0,7,7,100,0,0,100,0,0
10-12-2024,Dec-24,SWB,CCU,63,0,0,63,0,0,63,63,100,0,0,100,0,0
10-12-2024,Dec-24,SVB,CCU,587,0,8,587,8,0,595,595,98.66,1.34,0,98.66,1.34,0
10-12-2024,Dec-24,SYS,CCU,13,0,0,13,0,0,13,13,100,0,0,100,0,0
10-12-2024,Dec-24,SKC,CCU,17,0,0,17,0,0,17,17,100,0,0,100,0,0
10-12-2024,Dec-24,SHM,not defined,118,0,0,118,0,0,118,118,100,0,0,100,0,0
10-12-2024,Dec-24,SST,not defined,25,0,0,25,0,0,25,25,100,0,0,100,0,0
10-12-2024,Dec-24,SCM,CCU,12,0,0,12,0,0,12,12,100,0,0,100,0,0
10-12-2024,Dec-24,SIH,not defined,8,0,0,8,0,0,8,8,100,0,0,100,0,0
10-12-2024,Dec-24,SSO,Non CCU,7,0,0,7,0,0,7,7,100,0,0,100,0,0
10-12-2024,Dec-24,SID,CCU,1172,1,33,1172,33,1,1206,1206,97.18,2.74,0.08,97.18,2.74,0.08
10-12-2024,Dec-24,VCO,not defined,19,0,0,19,0,0,19,19,100,0,0,100,0,0
10-12-2024,Dec-24,SWN,not defined,132,2,4,132,4,2,138,138,95.65,2.9,1.45,95.65,2.9,1.45
10-12-2024,Dec-24,SNB,CCU,511,0,12,511,12,0,523,523,97.71,2.29,0,97.71,2.29,0
10-12-2024,Dec-24,SSB,CCU,175,1,12,175,12,1,188,188,93.09,6.38,0.53,93.09,6.38,0.53
10-12-2024,Dec-24,SON,CCU,15,0,0,15,0,0,15,15,100,0,0,100,0,0
10-12-2024,Dec-24,SRE,CCU,32,0,2,32,2,0,34,34,94.12,5.88,0,94.12,5.88,0
10-12-2024,Dec-24,SSS,CCU,40,13,4,40,4,13,57,57,70.18,7.02,22.81,70.18,7.02,22.81
10-12-2024,Dec-24,SGG,not defined,6,1,0,6,0,1,7,7,85.71,0,14.29,85.71,0,14.29
10-12-2024,Dec-24,SGC,CCU,13,0,1,13,1,0,14,14,92.86,7.14,0,92.86,7.14,0
10-12-2024,Dec-24,SKO,not defined,19,0,0,19,0,0,19,19,100,0,0,100,0,0
10-12-2024,Dec-24,SHR,CCU,14,0,1,14,1,0,15,15,93.33,6.67,0,93.33,6.67,0
10-12-2024,Dec-24,SSE,CCU,2,1,0,2,0,1,3,3,66.67,0,33.33,66.67,0,33.33
10-12-2024,Dec-24,SDU,CCU,62,0,1,62,1,0,63,63,98.41,1.59,0,98.41,1.59,0
10-12-2024,Dec-24,VSM,CCU,132,0,28,132,28,0,160,160,82.5,17.5,0,82.5,17.5,0
10-12-2024,Dec-24,SCB,Non CCU,23354,35,1020,23354,1020,35,24409,24409,95.68,4.18,0.14,95.68,4.18,0.14
10-12-2024,Dec-24,SUA,not defined,4,0,1,4,1,0,5,5,80,20,0,80,20,0
10-12-2024,Dec-24,SBI,Non CCU,3164211,122914,56136,3164211,56136,122914,3343261,3343261,94.64,1.68,3.68,94.64,1.68,3.68
10-12-2024,Dec-24,SLB,CCU,184,0,14,184,14,0,198,198,92.93,7.07,0,92.93,7.07,0
10-12-2024,Dec-24,SUD,CCU,7,0,0,7,0,0,7,7,100,0,0,100,0,0
10-12-2024,Dec-24,SND,CCU,889,0,40,889,40,0,929,929,95.69,4.31,0,95.69,4.31,0
10-12-2024,Dec-24,SNC,CCU,1009,0,31,1009,31,0,1040,1040,97.02,2.98,0,97.02,2.98,0
10-12-2024,Dec-24,SSF,Non CCU,6851,1153,159,6851,159,1153,8163,8163,83.93,1.95,14.12,83.93,1.95,14.12
10-12-2024,Dec-24,SYG,CCU,664,0,15,664,15,0,679,679,97.79,2.21,0,97.79,2.21,0
10-12-2024,Dec-24,GZB,not defined,165,1,2,165,2,1,168,168,98.21,1.19,0.6,98.21,1.19,0.6
10-12-2024,Dec-24,ABS,CCU,272,1,3,272,3,1,276,276,98.55,1.09,0.36,98.55,1.09,0.36
10-12-2024,Dec-24,ADR,not defined,127,0,0,127,0,0,127,127,100,0,0,100,0,0
10-12-2024,Dec-24,AME,CCU,1613,3,31,1613,31,3,1647,1647,97.94,1.88,0.18,97.94,1.88,0.18
10-12-2024,Dec-24,AKU,CCU,420,18,1,420,1,18,439,439,95.67,0.23,4.1,95.67,0.23,4.1
10-12-2024,Dec-24,BRD,CCU,128,0,2,128,2,0,130,130,98.46,1.54,0,98.46,1.54,0
10-12-2024,Dec-24,BAO,CCU,80,0,1,80,1,0,81,81,98.77,1.23,0,98.77,1.23,0
10-12-2024,Dec-24,BIJ,not defined,15,0,0,15,0,0,15,15,100,0,0,100,0,0
10-12-2024,Dec-24,BWC,not defined,85,0,1,85,1,0,86,86,98.84,1.16,0,98.84,1.16,0
10-12-2024,Dec-24,BEB,CCU,90,0,2,90,2,0,92,92,97.83,2.17,0,97.83,2.17,0
10-12-2024,Dec-24,CUL,CCU,262,0,0,262,0,0,262,262,100,0,0,100,0,0
10-12-2024,Dec-24,COR,CCU,841,0,26,841,26,0,867,867,97,3,0,97,3,0
10-12-2024,Dec-24,DCM,CCU,328,0,8,328,8,0,336,336,97.62,2.38,0,97.62,2.38,0
10-12-2024,Dec-24,EUL,not defined,11,0,0,11,0,0,11,11,100,0,0,100,0,0
10-12-2024,Dec-24,GNC,CCU,167,0,4,167,4,0,171,171,97.66,2.34,0,97.66,2.34,0
10-12-2024,Dec-24,HDS,Non CCU,866,1,4,866,4,1,871,871,99.43,0.46,0.11,99.43,0.46,0.11
10-12-2024,Dec-24,HUC,not defined,3,0,0,3,0,0,3,3,100,0,0,100,0,0
10-12-2024,Dec-24,JUN,CCU,328,0,19,328,19,0,347,347,94.52,5.48,0,94.52,5.48,0
10-12-2024,Dec-24,KDL,not defined,20,0,0,20,0,0,20,20,100,0,0,100,0,0
10-12-2024,Dec-24,KSA,CCU,457,39,0,457,0,39,496,496,92.14,0,7.86,92.14,0,7.86
10-12-2024,Dec-24,KNT,CCU,722,0,11,722,11,0,733,733,98.5,1.5,0,98.5,1.5,0
10-12-2024,Dec-24,KDG,CCU,62,0,2,62,2,0,64,64,96.88,3.12,0,96.88,3.12,0
10-12-2024,Dec-24,MHA,not defined,32,0,0,32,0,0,32,32,100,0,0,100,0,0
10-12-2024,Dec-24,MNL,not defined,120,1,0,120,0,1,121,121,99.17,0,0.83,99.17,0,0.83
10-12-2024,Dec-24,TMN,not defined,12,0,0,12,0,0,12,12,100,0,0,100,0,0
10-12-2024,Dec-24,MEH,CCU,142,0,65,142,65,0,207,207,68.6,31.4,0,68.6,31.4,0
10-12-2024,Dec-24,MVC,not defined,123,0,11,123,11,0,134,134,91.79,8.21,0,91.79,8.21,0
10-12-2024,Dec-24,NSC,not defined,28,0,2,28,2,0,30,30,93.33,6.67,0,93.33,6.67,0
10-12-2024,Dec-24,NRD,CCU,109,0,1,109,1,0,110,110,99.09,0.91,0,99.09,0.91,0
10-12-2024,Dec-24,PBL,not defined,2,0,0,2,0,0,2,2,100,0,0,100,0,0
10-12-2024,Dec-24,PCO,not defined,20,0,0,20,0,0,20,20,100,0,0,100,0,0
10-12-2024,Dec-24,PNM,CCU,69,0,1,69,1,0,70,70,98.57,1.43,0,98.57,1.43,0
10-12-2024,Dec-24,PCL,not defined,20,0,1,20,1,0,21,21,95.24,4.76,0,95.24,4.76,0
10-12-2024,Dec-24,PMC,CCU,134,0,0,134,0,0,134,134,100,0,0,100,0,0
10-12-2024,Dec-24,RSN,not defined,5,0,0,5,0,0,5,5,100,0,0,100,0,0
10-12-2024,Dec-24,RJJ,not defined,19,0,1,19,1,0,20,20,95,5,0,95,5,0
10-12-2024,Dec-24,RNJ,CCU,167,0,0,167,0,0,167,167,100,0,0,100,0,0
10-12-2024,Dec-24,SUC,CCU,102,0,3,102,3,0,105,105,97.14,2.86,0,97.14,2.86,0
10-12-2024,Dec-24,SVD,CCU,548,1,8,548,8,1,557,557,98.38,1.44,0.18,98.38,1.44,0.18
10-12-2024,Dec-24,SCL,CCU,27,0,8,27,8,0,35,35,77.14,22.86,0,77.14,22.86,0
10-12-2024,Dec-24,SRT,CCU,159,0,2,159,2,0,161,161,98.76,1.24,0,98.76,1.24,0
10-12-2024,Dec-24,TDB,CCU,110,10,5,110,5,10,125,125,88,4,8,88,4,8
10-12-2024,Dec-24,UDB,CCU,50,0,0,50,0,0,50,50,100,0,0,100,0,0
10-12-2024,Dec-24,UNP,not defined,2,0,0,2,0,0,2,2,100,0,0,100,0,0
10-12-2024,Dec-24,TPU,CCU,36,0,2,36,2,0,38,38,94.74,5.26,0,94.74,5.26,0
10-12-2024,Dec-24,WSM,CCU,96,0,1,96,1,0,97,97,98.97,1.03,0,98.97,1.03,0
10-12-2024,Dec-24,TPS,CCU,787,53,33,787,33,53,873,873,90.15,3.78,6.07,90.15,3.78,6.07
10-12-2024,Dec-24,TNG,CCU,2568,9,38,2568,38,9,2615,2615,98.2,1.45,0.34,98.2,1.45,0.34
10-12-2024,Dec-24,TNF,CCU,775,9,26,775,26,9,810,810,95.68,3.21,1.11,95.68,3.21,1.11
10-12-2024,Dec-24,TMB,Non CCU,68885,36,2459,68885,2459,36,71380,71380,96.5,3.44,0.05,96.5,3.44,0.05
10-12-2024,Dec-24,TIB,not defined,24,0,1,24,1,0,25,25,96,4,0,96,4,0
10-12-2024,Dec-24,TGC,not defined,24,0,2,24,2,0,26,26,92.31,7.69,0,92.31,7.69,0
10-12-2024,Dec-24,TCO,Non CCU,8,0,0,8,0,0,8,8,100,0,0,100,0,0
10-12-2024,Dec-24,TGB,CCU,10401,65,183,10401,183,65,10649,10649,97.67,1.72,0.61,97.67,1.72,0.61
10-12-2024,Dec-24,TEL,CCU,1367,0,253,1367,253,0,1620,1620,84.38,15.62,0,84.38,15.62,0
10-12-2024,Dec-24,CHR,not defined,2,0,0,2,0,0,2,2,100,0,0,100,0,0
10-12-2024,Dec-24,TBL,not defined,29,0,8,29,8,0,37,37,78.38,21.62,0,78.38,21.62,0
10-12-2024,Dec-24,TTB,CCU,59,0,0,59,0,0,59,59,100,0,0,100,0,0
10-12-2024,Dec-24,TBS,CCU,1532,0,50,1532,50,0,1582,1582,96.84,3.16,0,96.84,3.16,0
10-12-2024,Dec-24,TSB,Non CCU,11579,1,484,11579,484,1,12064,12064,95.98,4.01,0.01,95.98,4.01,0.01
10-12-2024,Dec-24,APM,CCU,1189,0,18,1189,18,0,1207,1207,98.51,1.49,0,98.51,1.49,0
10-12-2024,Dec-24,APR,not defined,2,0,0,2,0,0,2,2,100,0,0,100,0,0
10-12-2024,Dec-24,ADC,CCU,67,0,3,67,3,0,70,70,95.71,4.29,0,95.71,4.29,0
10-12-2024,Dec-24,AGU,CCU,67,0,0,67,0,0,67,67,100,0,0,100,0,0
10-12-2024,Dec-24,ASX,CCU,64,0,0,64,0,0,64,64,100,0,0,100,0,0
10-12-2024,Dec-24,AMD,CCU,215,0,0,215,0,0,215,215,100,0,0,100,0,0
10-12-2024,Dec-24,AHM,CCU,1049,0,14,1049,14,0,1063,1063,98.68,1.32,0,98.68,1.32,0
10-12-2024,Dec-24,AJB,CCU,137,0,6,137,6,0,143,143,95.8,4.2,0,95.8,4.2,0
10-12-2024,Dec-24,AKA,CCU,1512,1,59,1512,59,1,1572,1572,96.18,3.75,0.06,96.18,3.75,0.06
10-12-2024,Dec-24,AKO,CCU,1261,55,45,1261,45,55,1361,1361,92.65,3.31,4.04,92.65,3.31,4.04
10-12-2024,Dec-24,AMS,CCU,2,0,0,2,0,0,2,2,100,0,0,100,0,0
10-12-2024,Dec-24,AZP,CCU,15,0,0,15,0,0,15,15,100,0,0,100,0,0
10-12-2024,Dec-24,AMR,CCU,55,0,0,55,0,0,55,55,100,0,0,100,0,0
10-12-2024,Dec-24,AMO,CCU,23,0,3,23,3,0,26,26,88.46,11.54,0,88.46,11.54,0
10-12-2024,Dec-24,ASB,CCU,317,0,13,317,13,0,330,330,96.06,3.94,0,96.06,3.94,0
10-12-2024,Dec-24,ANG,not defined,5,0,0,5,0,0,5,5,100,0,0,100,0,0
10-12-2024,Dec-24,AUL,CCU,3,0,0,3,0,0,3,3,100,0,0,100,0,0
10-12-2024,Dec-24,ASC,Non CCU,35,0,1,35,1,0,36,36,97.22,2.78,0,97.22,2.78,0
10-12-2024,Dec-24,ARY,CCU,5992,14,629,5992,629,14,6635,6635,90.31,9.48,0.21,90.31,9.48,0.21
10-12-2024,Dec-24,APA,CCU,252,0,28,252,28,0,280,280,90,10,0,90,10,0
10-12-2024,Dec-24,ASK,not defined,4,0,0,4,0,0,4,4,100,0,0,100,0,0
10-12-2024,Dec-24,ACA,not defined,261,0,6,261,6,0,267,267,97.75,2.25,0,97.75,2.25,0
10-12-2024,Dec-24,AUR,not defined,3,0,5,3,5,0,8,8,37.5,62.5,0,37.5,62.5,0
10-12-2024,Dec-24,AZA,CCU,0,0,3,0,3,0,3,3,0,100,0,0,100,0
10-12-2024,Dec-24,BAB,CCU,153,41,0,153,0,41,194,194,78.87,0,21.13,78.87,0,21.13
10-12-2024,Dec-24,BBC,not defined,16,0,0,16,0,0,16,16,100,0,0,100,0,0
10-12-2024,Dec-24,BKD,CCU,6614,34,270,6614,270,34,6918,6918,95.61,3.9,0.49,95.61,3.9,0.49
10-12-2024,Dec-24,BKM,CCU,859,0,12,859,12,0,871,871,98.62,1.38,0,98.62,1.38,0
10-12-2024,Dec-24,BAN,CCU,50,0,1,50,1,0,51,51,98.04,1.96,0,98.04,1.96,0
10-12-2024,Dec-24,BCS,not defined,4,0,0,4,0,0,4,4,100,0,0,100,0,0
10-12-2024,Dec-24,BCO,not defined,5,0,3,5,3,0,8,8,62.5,37.5,0,62.5,37.5,0
10-12-2024,Dec-24,BMB,not defined,9,0,0,9,0,0,9,9,100,0,0,100,0,0
10-12-2024,Dec-24,BRM,CCU,947,0,124,947,124,0,1071,1071,88.42,11.58,0,88.42,11.58,0
10-12-2024,Dec-24,BDB,CCU,645,0,1,645,1,0,646,646,99.85,0.15,0,99.85,0.15,0
10-12-2024,Dec-24,BSL,CCU,62,0,1,62,1,0,63,63,98.41,1.59,0,98.41,1.59,0
10-12-2024,Dec-24,BCL,Non CCU,12,1,15,12,15,1,28,28,42.86,53.57,3.57,42.86,53.57,3.57
10-12-2024,Dec-24,BCB,CCU,104,0,535,104,535,0,639,639,16.28,83.72,0,16.28,83.72,0
10-12-2024,Dec-24,BPM,not defined,10,0,0,10,0,0,10,10,100,0,0,100,0,0
10-12-2024,Dec-24,TBC,not defined,10,0,0,10,0,0,10,10,100,0,0,100,0,0
10-12-2024,Dec-24,BMN,CCU,531,0,2,531,2,0,533,533,99.62,0.38,0,99.62,0.38,0
10-12-2024,Dec-24,BHY,CCU,229,0,0,229,0,0,229,229,100,0,0,100,0,0
10-12-2024,Dec-24,BHB,Non CCU,10120,5,301,10120,301,5,10426,10426,97.07,2.89,0.05,97.07,2.89,0.05
10-12-2024,Dec-24,BHC,not defined,29,1,4,29,4,1,34,34,85.29,11.76,2.94,85.29,11.76,2.94
10-12-2024,Dec-24,BHD,CCU,194,0,0,194,0,0,194,194,100,0,0,100,0,0
10-12-2024,Dec-24,BKC,not defined,1,0,0,1,0,0,1,1,100,0,0,100,0,0
10-12-2024,Dec-24,BML,CCU,83,1,2,83,2,1,86,86,96.51,2.33,1.16,96.51,2.33,1.16
10-12-2024,Dec-24,BUC,CCU,96,0,5,96,5,0,101,101,95.05,4.95,0,95.05,4.95,0
10-12-2024,Dec-24,BHR,not defined,87,0,17,87,17,0,104,104,83.65,16.35,0,83.65,16.35,0
10-12-2024,Dec-24,BOD,not defined,3,0,0,3,0,0,3,3,100,0,0,100,0,0
10-12-2024,Dec-24,CCS,not defined,33,0,0,33,0,0,33,33,100,0,0,100,0,0
10-12-2024,Dec-24,CHD,not defined,137,1,4,137,4,1,142,142,96.48,2.82,0.7,96.48,2.82,0.7
10-12-2024,Dec-24,CMC,CCU,34,0,0,34,0,0,34,34,100,0,0,100,0,0
10-12-2024,Dec-24,CNS,CCU,466,4,9,466,9,4,479,479,97.29,1.88,0.84,97.29,1.88,0.84
10-12-2024,Dec-24,CCL,CCU,302,14,11,302,11,14,327,327,92.35,3.36,4.28,92.35,3.36,4.28
10-12-2024,Dec-24,CHS,CCU,27,0,0,27,0,0,27,27,100,0,0,100,0,0
10-12-2024,Dec-24,CDL,CCU,99,0,9,99,9,0,108,108,91.67,8.33,0,91.67,8.33,0
10-12-2024,Dec-24,CPC,not defined,6,0,0,6,0,0,6,6,100,0,0,100,0,0
10-12-2024,Dec-24,CBM,CCU,216,0,1,216,1,0,217,217,99.54,0.46,0,99.54,0.46,0
10-12-2024,Dec-24,CDC,CCU,188,2,7,188,7,2,197,197,95.43,3.55,1.02,95.43,3.55,1.02
10-12-2024,Dec-24,CMH,not defined,224,0,1,224,1,0,225,225,99.56,0.44,0,99.56,0.44,0
10-12-2024,Dec-24,TMK,CCU,287,0,1,287,1,0,288,288,99.65,0.35,0,99.65,0.35,0
10-12-2024,Dec-24,CDB,CCU,72,0,7,72,7,0,79,79,91.14,8.86,0,91.14,8.86,0
10-12-2024,Dec-24,DAM,CCU,450,6,0,450,0,6,456,456,98.68,0,1.32,98.68,0,1.32
10-12-2024,Dec-24,DHU,CCU,522,0,3,522,3,0,525,525,99.43,0.57,0,99.43,0.57,0
10-12-2024,Dec-24,DHS,CCU,19,0,3,19,3,0,22,22,86.36,13.64,0,86.36,13.64,0
10-12-2024,Dec-24,DUL,CCU,31,0,1,31,1,0,32,32,96.88,3.12,0,96.88,3.12,0
10-12-2024,Dec-24,DLM,not defined,1,0,0,1,0,0,1,1,100,0,0,100,0,0
10-12-2024,Dec-24,DBL,CCU,29,0,0,29,0,0,29,29,100,0,0,100,0,0
10-12-2024,Dec-24,DOL,not defined,25,0,1,25,1,0,26,26,96.15,3.85,0,96.15,3.85,0
10-12-2024,Dec-24,DCC,Non CCU,37,0,6,37,6,0,43,43,86.05,13.95,0,86.05,13.95,0
10-12-2024,Dec-24,EUB,CCU,190,0,0,190,0,0,190,190,100,0,0,100,0,0
10-12-2024,Dec-24,ECB,not defined,5,0,0,5,0,0,5,5,100,0,0,100,0,0
10-12-2024,Dec-24,EDC,CCU,86,0,4,86,4,0,90,90,95.56,4.44,0,95.56,4.44,0
10-12-2024,Dec-24,FCB,CCU,89,0,0,89,0,0,89,89,100,0,0,100,0,0
10-12-2024,Dec-24,GPP,CCU,306,0,0,306,0,0,306,306,100,0,0,100,0,0
10-12-2024,Dec-24,GCU,not defined,5,0,0,5,0,0,5,5,100,0,0,100,0,0
10-12-2024,Dec-24,GGB,CCU,32,6,0,32,0,6,38,38,84.21,0,15.79,84.21,0,15.79
10-12-2024,Dec-24,GAN,CCU,143,0,4,143,4,0,147,147,97.28,2.72,0,97.28,2.72,0
10-12-2024,Dec-24,GMC,CCU,120,0,4,120,4,0,124,124,96.77,3.23,0,96.77,3.23,0
10-12-2024,Dec-24,GCB,CCU,23,0,0,23,0,0,23,23,100,0,0,100,0,0
10-12-2024,Dec-24,GYH,not defined,3889,9,67,3889,67,9,3965,3965,98.08,1.69,0.23,98.08,1.69,0.23
10-12-2024,Dec-24,GCL,CCU,2,0,0,2,0,0,2,2,100,0,0,100,0,0
10-12-2024,Dec-24,GCC,Non CCU,221,0,0,221,0,0,221,221,100,0,0,100,0,0
10-12-2024,Dec-24,GDH,CCU,312,0,0,312,0,0,312,312,100,0,0,100,0,0
10-12-2024,Dec-24,GOP,not defined,76,1,2,76,2,1,79,79,96.2,2.53,1.27,96.2,2.53,1.27
10-12-2024,Dec-24,GML,not defined,18,0,0,18,0,0,18,18,100,0,0,100,0,0
10-12-2024,Dec-24,GBB,CCU,1409,0,6,1409,6,0,1415,1415,99.58,0.42,0,99.58,0.42,0
10-12-2024,Dec-24,GSC,CCU,1278,0,37,1278,37,0,1315,1315,97.19,2.81,0,97.19,2.81,0
10-12-2024,Dec-24,GUN,CCU,50,1,1,50,1,1,52,52,96.15,1.92,1.92,96.15,1.92,1.92
10-12-2024,Dec-24,CGO,not defined,17,1,6,17,6,1,24,24,70.83,25,4.17,70.83,25,4.17
10-12-2024,Dec-24,GVC,not defined,7,6,0,7,0,6,13,13,53.85,0,46.15,53.85,0,46.15
10-12-2024,Dec-24,HSC,CCU,69,0,3,69,3,0,72,72,95.83,4.17,0,95.83,4.17,0
10-12-2024,Dec-24,HTI,CCU,1203,1,44,1203,44,1,1248,1248,96.39,3.53,0.08,96.39,3.53,0.08
10-12-2024,Dec-24,HPB,CCU,2492,3,58,2492,58,3,2553,2553,97.61,2.27,0.12,97.61,2.27,0.12
10-12-2024,Dec-24,HIC,not defined,15,0,1,15,1,0,16,16,93.75,6.25,0,93.75,6.25,0
10-12-2024,Dec-24,INS,Non CCU,5,0,0,5,0,0,5,5,100,0,0,100,0,0
10-12-2024,Dec-24,IUC,not defined,1,0,0,1,0,0,1,1,100,0,0,100,0,0
10-12-2024,Dec-24,ITD,not defined,6,0,0,6,0,0,6,6,100,0,0,100,0,0
10-12-2024,Dec-24,JKT,not defined,192,0,10,192,10,0,202,202,95.05,4.95,0,95.05,4.95,0
10-12-2024,Dec-24,JSL,not defined,37,0,3,37,3,0,40,40,92.5,7.5,0,92.5,7.5,0
10-12-2024,Dec-24,JCC,not defined,22,0,0,22,0,0,22,22,100,0,0,100,0,0
10-12-2024,Dec-24,JGB,not defined,69,0,12,69,12,0,81,81,85.19,14.81,0,85.19,14.81,0
10-12-2024,Dec-24,JAB,CCU,2014,0,86,2014,86,0,2100,2100,95.9,4.1,0,95.9,4.1,0
10-12-2024,Dec-24,JUB,CCU,41,0,0,41,0,0,41,41,100,0,0,100,0,0
10-12-2024,Dec-24,JDO,not defined,14,0,1,14,1,0,15,15,93.33,6.67,0,93.33,6.67,0
10-12-2024,Dec-24,JAC,CCU,33,0,0,33,0,0,33,33,100,0,0,100,0,0
10-12-2024,Dec-24,JJL,CCU,205,38,4,205,4,38,247,247,83,1.62,15.38,83,1.62,15.38
10-12-2024,Dec-24,KTK,CCU,27,0,0,27,0,0,27,27,100,0,0,100,0,0
10-12-2024,Dec-24,KCT,CCU,98,0,13,98,13,0,111,111,88.29,11.71,0,88.29,11.71,0
10-12-2024,Dec-24,TKB,not defined,2,0,0,2,0,0,2,2,100,0,0,100,0,0
10-12-2024,Dec-24,KNB,not defined,52,0,8,52,8,0,60,60,86.67,13.33,0,86.67,13.33,0
10-12-2024,Dec-24,KLB,CCU,7990,3,78,7990,78,3,8071,8071,99,0.97,0.04,99,0.97,0.04
10-12-2024,Dec-24,KHM,CCU,421,0,1,421,1,0,422,422,99.76,0.24,0,99.76,0.24,0
10-12-2024,Dec-24,KAN,CCU,196,0,1,196,1,0,197,197,99.49,0.51,0,99.49,0.51,0
10-12-2024,Dec-24,KDB,not defined,164,0,0,164,0,0,164,164,100,0,0,100,0,0
10-12-2024,Dec-24,KCL,not defined,13,0,27,13,27,0,40,40,32.5,67.5,0,32.5,67.5,0
10-12-2024,Dec-24,KKC,CCU,30,0,0,30,0,0,30,30,100,0,0,100,0,0
10-12-2024,Dec-24,KPB,not defined,5,0,0,5,0,0,5,5,100,0,0,100,0,0
10-12-2024,Dec-24,KUC,CCU,808,0,15,808,15,0,823,823,98.18,1.82,0,98.18,1.82,0
10-12-2024,Dec-24,KDO,CCU,582,3,12,582,12,3,597,597,97.49,2.01,0.5,97.49,2.01,0.5
10-12-2024,Dec-24,KRS,CCU,2722,5,40,2722,40,5,2767,2767,98.37,1.45,0.18,98.37,1.45,0.18
10-12-2024,Dec-24,KHG,not defined,2,0,0,2,0,0,2,2,100,0,0,100,0,0
10-12-2024,Dec-24,KHT,CCU,22,0,0,22,0,0,22,22,100,0,0,100,0,0
10-12-2024,Dec-24,KHR,not defined,2,0,0,2,0,0,2,2,100,0,0,100,0,0
10-12-2024,Dec-24,KCC,CCU,116,0,0,116,0,0,116,116,100,0,0,100,0,0
10-12-2024,Dec-24,KTU,CCU,152,0,0,152,0,0,152,152,100,0,0,100,0,0
10-12-2024,Dec-24,KUB,CCU,1013,0,73,1013,73,0,1086,1086,93.28,6.72,0,93.28,6.72,0
10-12-2024,Dec-24,KPL,CCU,8,0,0,8,0,0,8,8,100,0,0,100,0,0
10-12-2024,Dec-24,KTC,CCU,205,1,0,205,0,1,206,206,99.51,0,0.49,99.51,0,0.49
10-12-2024,Dec-24,KOY,not defined,9,0,1,9,1,0,10,10,90,10,0,90,10,0
10-12-2024,Dec-24,TKR,CCU,30,0,0,30,0,0,30,30,100,0,0,100,0,0
10-12-2024,Dec-24,KRD,not defined,70,0,9,70,9,0,79,79,88.61,11.39,0,88.61,11.39,0
10-12-2024,Dec-24,KNS,CCU,455,0,0,455,0,0,455,455,100,0,0,100,0,0
10-12-2024,Dec-24,KBL,CCU,81,4,3,81,3,4,88,88,92.05,3.41,4.55,92.05,3.41,4.55
10-12-2024,Dec-24,KNH,not defined,168,0,2,168,2,0,170,170,98.82,1.18,0,98.82,1.18,0
10-12-2024,Dec-24,TKN,not defined,23,0,5,23,5,0,28,28,82.14,17.86,0,82.14,17.86,0
10-12-2024,Dec-24,LDC,CCU,233,0,73,233,73,0,306,306,76.14,23.86,0,76.14,23.86,0
10-12-2024,Dec-24,LPC,CCU,59,0,0,59,0,0,59,59,100,0,0,100,0,0
10-12-2024,Dec-24,MCC,CCU,102,4,0,102,0,4,106,106,96.23,0,3.77,96.23,0,3.77
10-12-2024,Dec-24,MGD,not defined,6,0,0,6,0,0,6,6,100,0,0,100,0,0
10-12-2024,Dec-24,MMA,CCU,21,0,1,21,1,0,22,22,95.45,4.55,0,95.45,4.55,0
10-12-2024,Dec-24,MBH,CCU,621,4,26,621,26,4,651,651,95.39,3.99,0.61,95.39,3.99,0.61
10-12-2024,Dec-24,MIE,CCU,25,0,0,25,0,0,25,25,100,0,0,100,0,0
10-12-2024,Dec-24,MSB,CCU,340,0,2,340,2,0,342,342,99.42,0.58,0,99.42,0.58,0
10-12-2024,Dec-24,MDN,CCU,103,0,7,103,7,0,110,110,93.64,6.36,0,93.64,6.36,0
10-12-2024,Dec-24,MND,not defined,0,149,0,0,0,149,149,149,0,0,100,0,0,100
10-12-2024,Dec-24,MAN,not defined,32,0,0,32,0,0,32,32,100,0,0,100,0,0
10-12-2024,Dec-24,MAT,not defined,11,0,0,11,0,0,11,11,100,0,0,100,0,0
10-12-2024,Dec-24,MEB,not defined,18,0,0,18,0,0,18,18,100,0,0,100,0,0
10-12-2024,Dec-24,MGC,CCU,492,0,9,492,9,0,501,501,98.2,1.8,0,98.2,1.8,0
10-12-2024,Dec-24,TMS,not defined,3,0,0,3,0,0,3,3,100,0,0,100,0,0
10-12-2024,Dec-24,MHD,CCU,628,1,5,628,5,1,634,634,99.05,0.79,0.16,99.05,0.79,0.16
10-12-2024,Dec-24,MLC,CCU,4,0,0,4,0,0,4,4,100,0,0,100,0,0
10-12-2024,Dec-24,MSS,CCU,31,0,0,31,0,0,31,31,100,0,0,100,0,0
10-12-2024,Dec-24,MNS,CCU,283,0,0,283,0,0,283,283,100,0,0,100,0,0
10-12-2024,Dec-24,TMM,not defined,1,0,0,1,0,0,1,1,100,0,0,100,0,0
10-12-2024,Dec-24,MMS,CCU,1,1,0,1,0,1,2,2,50,0,50,50,0,50
10-12-2024,Dec-24,MUN,CCU,459,1,34,459,34,1,494,494,92.91,6.88,0.2,92.91,6.88,0.2
10-12-2024,Dec-24,MCM,not defined,2,0,0,2,0,0,2,2,100,0,0,100,0,0
10-12-2024,Dec-24,MSL,CCU,688,0,26,688,26,0,714,714,96.36,3.64,0,96.36,3.64,0
10-12-2024,Dec-24,MUO,CCU,6,0,1,6,1,0,7,7,85.71,14.29,0,85.71,14.29,0
10-12-2024,Dec-24,NJC,not defined,20,0,1,20,1,0,21,21,95.24,4.76,0,95.24,4.76,0
10-12-2024,Dec-24,NOC,not defined,2,0,0,2,0,0,2,2,100,0,0,100,0,0
10-12-2024,Dec-24,NPB,CCU,5,0,0,5,0,0,5,5,100,0,0,100,0,0
10-12-2024,Dec-24,NTB,CCU,3080,2,248,3080,248,2,3330,3330,92.49,7.45,0.06,92.49,7.45,0.06
10-12-2024,Dec-24,NDC,CCU,74,0,4,74,4,0,78,78,94.87,5.13,0,94.87,5.13,0
10-12-2024,Dec-24,NMN,CCU,128,0,11,128,11,0,139,139,92.09,7.91,0,92.09,7.91,0
10-12-2024,Dec-24,NUN,CCU,450,0,19,450,19,0,469,469,95.95,4.05,0,95.95,4.05,0
10-12-2024,Dec-24,NML,CCU,14,0,0,14,0,0,14,14,100,0,0,100,0,0
10-12-2024,Dec-24,NMC,CCU,873,1,8,873,8,1,882,882,98.98,0.91,0.11,98.98,0.91,0.11
10-12-2024,Dec-24,NRV,CCU,153,0,19,153,19,0,172,172,88.95,11.05,0,88.95,11.05,0
10-12-2024,Dec-24,NCC,Non CCU,10,1,0,10,0,1,11,11,90.91,0,9.09,90.91,0,9.09
10-12-2024,Dec-24,NCB,CCU,330,0,10,330,10,0,340,340,97.06,2.94,0,97.06,2.94,0
10-12-2024,Dec-24,NDB,CCU,109,3,4,109,4,3,116,116,93.97,3.45,2.59,93.97,3.45,2.59
10-12-2024,Dec-24,NBT,CCU,427,0,4,427,4,0,431,431,99.07,0.93,0,99.07,0.93,0
10-12-2024,Dec-24,NBC,CCU,1154,1,7,1154,7,1,1162,1162,99.31,0.6,0.09,99.31,0.6,0.09
10-12-2024,Dec-24,NUR,CCU,240,0,0,240,0,0,240,240,100,0,0,100,0,0
10-12-2024,Dec-24,NUB,not defined,335,8,15,335,15,8,358,358,93.58,4.19,2.23,93.58,4.19,2.23
10-12-2024,Dec-24,NDL,CCU,66,0,5,66,5,0,71,71,92.96,7.04,0,92.96,7.04,0
10-12-2024,Dec-24,PDC,CCU,2661,29,19,2661,19,29,2709,2709,98.23,0.7,1.07,98.23,0.7,1.07
10-12-2024,Dec-24,PUC,CCU,624,0,2,624,2,0,626,626,99.68,0.32,0,99.68,0.32,0
10-12-2024,Dec-24,POB,not defined,22,0,0,22,0,0,22,22,100,0,0,100,0,0
10-12-2024,Dec-24,PTC,not defined,207,1,9,207,9,1,217,217,95.39,4.15,0.46,95.39,4.15,0.46
10-12-2024,Dec-24,PUB,CCU,11,0,0,11,0,0,11,11,100,0,0,100,0,0
10-12-2024,Dec-24,PPB,CCU,275,0,3,275,3,0,278,278,98.92,1.08,0,98.92,1.08,0
10-12-2024,Dec-24,PTP,CCU,75,0,12,75,12,0,87,87,86.21,13.79,0,86.21,13.79,0
10-12-2024,Dec-24,PCC,CCU,66,0,7,66,7,0,73,73,90.41,9.59,0,90.41,9.59,0
10-12-2024,Dec-24,PCS,CCU,296,0,3,296,3,0,299,299,99,1,0,99,1,0
10-12-2024,Dec-24,PSC,CCU,31,1,0,31,0,1,32,32,96.88,0,3.12,96.88,0,3.12
10-12-2024,Dec-24,PSD,CCU,14,0,2,14,2,0,16,16,87.5,12.5,0,87.5,12.5,0
10-12-2024,Dec-24,QCB,CCU,21,1,0,21,0,1,22,22,95.45,0,4.55,95.45,0,4.55
10-12-2024,Dec-24,RUM,CCU,29,0,0,29,0,0,29,29,100,0,0,100,0,0
10-12-2024,Dec-24,RSC,CCU,14,24,100,14,100,24,138,138,10.14,72.46,17.39,10.14,72.46,17.39
10-12-2024,Dec-24,RUL,not defined,8,0,0,8,0,0,8,8,100,0,0,100,0,0
10-12-2024,Dec-24,RUC,not defined,14,4,0,14,0,4,18,18,77.78,0,22.22,77.78,0,22.22
10-12-2024,Dec-24,RDB,CCU,79,2,7,79,7,2,88,88,89.77,7.95,2.27,89.77,7.95,2.27
10-12-2024,Dec-24,RPC,CCU,30,0,0,30,0,0,30,30,100,0,0,100,0,0
10-12-2024,Dec-24,RSL,not defined,10,0,0,10,0,0,10,10,100,0,0,100,0,0
10-12-2024,Dec-24,RCC,not defined,15,0,0,15,0,0,15,15,100,0,0,100,0,0
10-12-2024,Dec-24,RCO,not defined,17,0,0,17,0,0,17,17,100,0,0,100,0,0
10-12-2024,Dec-24,SAS,not defined,8,22,0,8,0,22,30,30,26.67,0,73.33,26.67,0,73.33
10-12-2024,Dec-24,SUX,CCU,1600,0,32,1600,32,0,1632,1632,98.04,1.96,0,98.04,1.96,0
10-12-2024,Dec-24,SK1,not defined,4097,0,50,4097,50,0,4147,4147,98.79,1.21,0,98.79,1.21,0
10-12-2024,Dec-24,SDI,CCU,145,16,1,145,1,16,162,162,89.51,0.62,9.88,89.51,0.62,9.88
10-12-2024,Dec-24,SNG,CCU,357,0,9,357,9,0,366,366,97.54,2.46,0,97.54,2.46,0
10-12-2024,Dec-24,SNL,CCU,6,0,0,6,0,0,6,6,100,0,0,100,0,0
10-12-2024,Dec-24,SOB,CCU,8,0,0,8,0,0,8,8,100,0,0,100,0,0
10-12-2024,Dec-24,SCP,not defined,23,0,0,23,0,0,23,23,100,0,0,100,0,0
10-12-2024,Dec-24,SLM,CCU,14,1,0,14,0,1,15,15,93.33,0,6.67,93.33,0,6.67
10-12-2024,Dec-24,STA,CCU,2310,0,692,2310,692,0,3002,3002,76.95,23.05,0,76.95,23.05,0
10-12-2024,Dec-24,STS,not defined,4,0,0,4,0,0,4,4,100,0,0,100,0,0
10-12-2024,Dec-24,SSL,CCU,8,0,0,8,0,0,8,8,100,0,0,100,0,0
10-12-2024,Dec-24,STB,CCU,255,0,2,255,2,0,257,257,99.22,0.78,0,99.22,0.78,0
10-12-2024,Dec-24,SVL,not defined,48,0,0,48,0,0,48,48,100,0,0,100,0,0
10-12-2024,Dec-24,SHI,CCU,207,0,0,207,0,0,207,207,100,0,0,100,0,0
10-12-2024,Dec-24,SHP,CCU,103,0,3,103,3,0,106,106,97.17,2.83,0,97.17,2.83,0
10-12-2024,Dec-24,TSL,CCU,7,4,0,7,0,4,11,11,63.64,0,36.36,63.64,0,36.36
10-12-2024,Dec-24,SSR,CCU,204,0,9,204,9,0,213,213,95.77,4.23,0,95.77,4.23,0
10-12-2024,Dec-24,SCC,CCU,30,0,2,30,2,0,32,32,93.75,6.25,0,93.75,6.25,0
10-12-2024,Dec-24,SLD,not defined,162,0,17,162,17,0,179,179,90.5,9.5,0,90.5,9.5,0
10-12-2024,Dec-24,SIB,Non CCU,91308,1,2141,91308,2141,1,93450,93450,97.71,2.29,0,97.71,2.29,0
10-12-2024,Dec-24,TSS,CCU,62,3,0,62,0,3,65,65,95.38,0,4.62,95.38,0,4.62
10-12-2024,Dec-24,SBC,Non CCU,20,0,0,20,0,0,20,20,100,0,0,100,0,0
10-12-2024,Dec-24,SDO,not defined,16,0,0,16,0,0,16,16,100,0,0,100,0,0
10-12-2024,Dec-24,SUR,not defined,4417,1,86,4417,86,1,4504,4504,98.07,1.91,0.02,98.07,1.91,0.02
10-12-2024,Dec-24,SPB,CCU,2802,3,43,2802,43,3,2848,2848,98.38,1.51,0.11,98.38,1.51,0.11
10-12-2024,Dec-24,SUN,not defined,9,9,0,9,0,9,18,18,50,0,50,50,0,50
10-12-2024,Dec-24,TDC,CCU,3672,1,89,3672,89,1,3762,3762,97.61,2.37,0.03,97.61,2.37,0.03
10-12-2024,Dec-24,TCC,CCU,34,0,9,34,9,0,43,43,79.07,20.93,0,79.07,20.93,0
10-12-2024,Dec-24,TID,CCU,66,20,20,66,20,20,106,106,62.26,18.87,18.87,62.26,18.87,18.87
10-12-2024,Dec-24,THD,CCU,44,9,0,44,0,9,53,53,83.02,0,16.98,83.02,0,16.98
10-12-2024,Dec-24,TDL,CCU,59,3,1,59,1,3,63,63,93.65,1.59,4.76,93.65,1.59,4.76
10-12-2024,Dec-24,UMS,CCU,124,0,7,124,7,0,131,131,94.66,5.34,0,94.66,5.34,0
10-12-2024,Dec-24,UMB,CCU,136,0,1,136,1,0,137,137,99.27,0.73,0,99.27,0.73,0
10-12-2024,Dec-24,UUB,CCU,345,0,0,345,0,0,345,345,100,0,0,100,0,0
10-12-2024,Dec-24,UUC,CCU,67,0,0,67,0,0,67,67,100,0,0,100,0,0
10-12-2024,Dec-24,UNO,CCU,105,0,1,105,1,0,106,106,99.06,0.94,0,99.06,0.94,0
10-12-2024,Dec-24,UBD,CCU,123,0,1,123,1,0,124,124,99.19,0.81,0,99.19,0.81,0
10-12-2024,Dec-24,UOS,not defined,1,0,0,1,0,0,1,1,100,0,0,100,0,0
10-12-2024,Dec-24,UTS,CCU,4,0,0,4,0,0,4,4,100,0,0,100,0,0
10-12-2024,Dec-24,VUC,not defined,23,0,0,23,0,0,23,23,100,0,0,100,0,0
10-12-2024,Dec-24,VCB,CCU,24,0,0,24,0,0,24,24,100,0,0,100,0,0
10-12-2024,Dec-24,VDC,not defined,4,0,1,4,1,0,5,5,80,20,0,80,20,0
10-12-2024,Dec-24,VLB,not defined,135,0,0,135,0,0,135,135,100,0,0,100,0,0
10-12-2024,Dec-24,VAR,CCU,6024,0,184,6024,184,0,6208,6208,97.04,2.96,0,97.04,2.96,0
10-12-2024,Dec-24,VDL,CCU,41,217,13,41,13,217,271,271,15.13,4.8,80.07,15.13,4.8,80.07
10-12-2024,Dec-24,VVM,CCU,537,0,98,537,98,0,635,635,84.57,15.43,0,84.57,15.43,0
10-12-2024,Dec-24,VPC,CCU,243,0,0,243,0,0,243,243,100,0,0,100,0,0
10-12-2024,Dec-24,VJC,CCU,432,0,45,432,45,0,477,477,90.57,9.43,0,90.57,9.43,0
10-12-2024,Dec-24,VDV,CCU,111,0,1,111,1,0,112,112,99.11,0.89,0,99.11,0.89,0
10-12-2024,Dec-24,VDB,CCU,49,296,2,49,2,296,347,347,14.12,0.58,85.3,14.12,0.58,85.3
10-12-2024,Dec-24,VCL,CCU,45,21,0,45,0,21,66,66,68.18,0,31.82,68.18,0,31.82
10-12-2024,Dec-24,VKH,CCU,534,1,41,534,41,1,576,576,92.71,7.12,0.17,92.71,7.12,0.17
10-12-2024,Dec-24,VSI,CCU,1355,0,40,1355,40,0,1395,1395,97.13,2.87,0,97.13,2.87,0
10-12-2024,Dec-24,WDC,CCU,48,1,0,48,0,1,49,49,97.96,0,2.04,97.96,0,2.04
10-12-2024,Dec-24,WBS,CCU,43,0,152,43,152,0,195,195,22.05,77.95,0,22.05,77.95,0
10-12-2024,Dec-24,WCB,not defined,1,0,0,1,0,0,1,1,100,0,0,100,0,0
10-12-2024,Dec-24,YLN,CCU,0,691,0,0,0,691,691,691,0,0,100,0,0,100
10-12-2024,Dec-24,YVT,not defined,1,0,0,1,0,0,1,1,100,0,0,100,0,0
10-12-2024,Dec-24,ZCB,CCU,16,0,0,16,0,0,16,16,100,0,0,100,0,0
10-12-2024,Dec-24,KNG,CCU,1175,23,92,1175,92,23,1290,1290,91.09,7.13,1.78,91.09,7.13,1.78
10-12-2024,Dec-24,TSD,not defined,0,11,0,0,0,11,11,11,0,0,100,0,0,100
10-12-2024,Dec-24,TUP,CCU,123,0,4,123,4,0,127,127,96.85,3.15,0,96.85,3.15,0
10-12-2024,Dec-24,TRA,Non CCU,5,0,0,5,0,0,5,5,100,0,0,100,0,0
10-12-2024,Dec-24,TIR,CCU,6478,0,125,6478,125,0,6603,6603,98.11,1.89,0,98.11,1.89,0
10-12-2024,Dec-24,TKG,CCU,165,0,2,165,2,0,167,167,98.8,1.2,0,98.8,1.2,0
10-12-2024,Dec-24,UCO,Non CCU,121364,16,3939,121364,3939,16,125319,125319,96.84,3.14,0.01,96.84,3.14,0.01
10-12-2024,Dec-24,UDH,not defined,190,5,10,190,10,5,205,205,92.68,4.88,2.44,92.68,4.88,2.44
10-12-2024,Dec-24,UPS,not defined,1,0,0,1,0,0,1,1,100,0,0,100,0,0
10-12-2024,Dec-24,UUL,CCU,12,0,1,12,1,0,13,13,92.31,7.69,0,92.31,7.69,0
10-12-2024,Dec-24,UPP,not defined,3,0,1,3,1,0,4,4,75,25,0,75,25,0
10-12-2024,Dec-24,UBA,not defined,10,0,0,10,0,0,10,10,100,0,0,100,0,0
10-12-2024,Dec-24,USF,Non CCU,18844,81,1292,18844,1292,81,20217,20217,93.21,6.39,0.4,93.21,6.39,0.4
10-12-2024,Dec-24,UTT,not defined,14707,34,465,14707,465,34,15206,15206,96.72,3.06,0.22,96.72,3.06,0.22
10-12-2024,Dec-24,UTR,not defined,26,0,7,26,7,0,33,33,78.79,21.21,0,78.79,21.21,0
10-12-2024,Dec-24,UKB,not defined,228,1,9,228,9,1,238,238,95.8,3.78,0.42,95.8,3.78,0.42
10-12-2024,Dec-24,UKN,not defined,26,0,0,26,0,0,26,26,100,0,0,100,0,0
10-12-2024,Dec-24,UVS,not defined,45,1,1,45,1,1,47,47,95.74,2.13,2.13,95.74,2.13,2.13
10-12-2024,Dec-24,UIJ,Non CCU,45564,720,2621,45564,2621,720,48905,48905,93.17,5.36,1.47,93.17,5.36,1.47
10-12-2024,Dec-24,UCB,CCU,41,0,0,41,0,0,41,41,100,0,0,100,0,0
10-12-2024,Dec-24,UOB,Non CCU,792706,25723,18104,792706,18104,25723,836533,836533,94.76,2.16,3.07,94.76,2.16,3.07
10-12-2024,Dec-24,USB,Non CCU,516,35,17,516,17,35,568,568,90.85,2.99,6.16,90.85,2.99,6.16
10-12-2024,Dec-24,UNB,CCU,60,0,0,60,0,0,60,60,100,0,0,100,0,0
10-12-2024,Dec-24,URN,CCU,372,3,27,372,27,3,402,402,92.54,6.72,0.75,92.54,6.72,0.75
10-12-2024,Dec-24,UBS,CCU,38,1,0,38,0,1,39,39,97.44,0,2.56,97.44,0,2.56
10-12-2024,Dec-24,UTK,not defined,2828,0,136,2828,136,0,2964,2964,95.41,4.59,0,95.41,4.59,0
10-12-2024,Dec-24,UPC,CCU,75,0,25,75,25,0,100,100,75,25,0,75,25,0
10-12-2024,Dec-24,UKG,CCU,7162,6,118,7162,118,6,7286,7286,98.3,1.62,0.08,98.3,1.62,0.08
10-12-2024,Dec-24,UKZ,not defined,14,2,6,14,6,2,22,22,63.64,27.27,9.09,63.64,27.27,9.09
10-12-2024,Dec-24,VSD,CCU,187,0,4,187,4,0,191,191,97.91,2.09,0,97.91,2.09,0
10-12-2024,Dec-24,VIR,CCU,39,0,0,39,0,0,39,39,100,0,0,100,0,0
10-12-2024,Dec-24,VAS,not defined,2,0,0,2,0,0,2,2,100,0,0,100,0,0
10-12-2024,Dec-24,VNP,CCU,276,0,1,276,1,0,277,277,99.64,0.36,0,99.64,0.36,0
10-12-2024,Dec-24,VBM,CCU,80,0,11,80,11,0,91,91,87.91,12.09,0,87.91,12.09,0
10-12-2024,Dec-24,VMK,CCU,26,0,0,26,0,0,26,26,100,0,0,100,0,0
10-12-2024,Dec-24,VGB,CCU,13896,5,2047,13896,2047,5,15948,15948,87.13,12.84,0.03,87.13,12.84,0.03
10-12-2024,Dec-24,VRD,CCU,112,0,3,112,3,0,115,115,97.39,2.61,0,97.39,2.61,0
10-12-2024,Dec-24,VJS,CCU,224,0,2,224,2,0,226,226,99.12,0.88,0,99.12,0.88,0
10-12-2024,Dec-24,VVS,CCU,1486,0,18,1486,18,0,1504,1504,98.8,1.2,0,98.8,1.2,0
10-12-2024,Dec-24,VMN,CCU,5,0,0,5,0,0,5,5,100,0,0,100,0,0
10-12-2024,Dec-24,VES,CCU,36,0,1,36,1,0,37,37,97.3,2.7,0,97.3,2.7,0
10-12-2024,Dec-24,VMC,CCU,58,0,0,58,0,0,58,58,100,0,0,100,0,0
10-12-2024,Dec-24,VCC,CCU,111,0,7,111,7,0,118,118,94.07,5.93,0,94.07,5.93,0
10-12-2024,Dec-24,VIK,CCU,417,18,5,417,5,18,440,440,94.77,1.14,4.09,94.77,1.14,4.09
10-12-2024,Dec-24,VBL,CCU,10,0,0,10,0,0,10,10,100,0,0,100,0,0
10-12-2024,Dec-24,VKB,not defined,2,0,0,2,0,0,2,2,100,0,0,100,0,0
10-12-2024,Dec-24,VSB,CCU,9,0,0,9,0,0,9,9,100,0,0,100,0,0
10-12-2024,Dec-24,VAB,CCU,3,0,0,3,0,0,3,3,100,0,0,100,0,0
10-12-2024,Dec-24,VYA,CCU,14,0,0,14,0,0,14,14,100,0,0,100,0,0
10-12-2024,Dec-24,WNS,CCU,16,0,1,16,1,0,17,17,94.12,5.88,0,94.12,5.88,0
10-12-2024,Dec-24,WUC,CCU,27,0,1,27,1,0,28,28,96.43,3.57,0,96.43,3.57,0
10-12-2024,Dec-24,WSA,not defined,1,0,2,1,2,0,3,3,33.33,66.67,0,33.33,66.67,0
10-12-2024,Dec-24,WDH,not defined,43,0,0,43,0,0,43,43,100,0,0,100,0,0
10-12-2024,Dec-24,YDC,not defined,23,0,0,23,0,0,23,23,100,0,0,100,0,0
10-12-2024,Dec-24,YBL,Non CCU,0,5,0,0,0,5,5,5,0,0,100,0,0,100
10-12-2024,Dec-24,YBP,Non CCU,120964,9,11425,120964,11425,9,132398,132398,91.36,8.63,0.01,91.36,8.63,0.01
10-12-2024,Dec-24,YNS,CCU,2,0,0,2,0,0,2,2,100,0,0,100,0,0
10-12-2024,Dec-24,YDB,not defined,10,0,1,10,1,0,11,11,90.91,9.09,0,90.91,9.09,0
10-12-2024,Dec-24,ZSV,not defined,1,0,1,1,1,0,2,2,50,50,0,50,50,0
10-12-2024,Dec-24,DCL,not defined,10,0,0,10,0,0,10,10,100,0,0,100,0,0
10-12-2024,Dec-24,ZIB,not defined,2,0,2,2,2,0,4,4,50,50,0,50,50,0
10-12-2024,Dec-24,ZLM,not defined,2,1,0,2,0,1,3,3,66.67,0,33.33,66.67,0,33.33
10-12-2024,Dec-24,ZSB,not defined,13,0,0,13,0,0,13,13,100,0,0,100,0,0
10-12-2024,Dec-24,ZSH,not defined,118,0,39,118,39,0,157,157,75.16,24.84,0,75.16,24.84,0
10-12-2024,Dec-24,ZLK,CCU,78,0,8,78,8,0,86,86,90.7,9.3,0,90.7,9.3,0
10-12-2024,Dec-24,ZSM,not defined,8,0,2,8,2,0,10,10,80,20,0,80,20,0
10-12-2024,Dec-24,ZSU,not defined,1,0,0,1,0,0,1,1,100,0,0,100,0,0
10-12-2024,Dec-24,ZSK,not defined,3,4,0,3,0,4,7,7,42.86,0,57.14,42.86,0,57.14
10-12-2024,Dec-24,ZBM,not defined,6,1,2,6,2,1,9,9,66.67,22.22,11.11,66.67,22.22,11.11
10-12-2024,Dec-24,ZGK,not defined,163,0,4,163,4,0,167,167,97.6,2.4,0,97.6,2.4,0
